category,rank,bvid,title,owner,tname,view,danmaku,reply,favorite,coin,share,like,duration,pubdate,url
all,1,BV1kzLs62EJn,12个脑洞大开的美食爆改计划～有手就会系列,胡仔一人食,美食制作,4471276,2455,2565,141758,14825,15165,271453,380,1779333062,https://www.bilibili.com/video/BV1kzLs62EJn
all,2,BV1hKLz6iEVE,第一视角体验非遗蹬桌子技艺，00后女生脚蹬八仙桌，动作轻盈娴熟。网友：见到现实世界里的“无影脚”了！,人民日报,社会资讯,6473602,8890,9412,52852,21788,7855,520671,46,1779294000,https://www.bilibili.com/video/BV1hKLz6iEVE
all,3,BV1o5Lb6JEp3,这种画画方式可以让你回到昨天,画画的方面面,非二次元绘画,4676042,4858,2558,40245,83861,2290,472054,55,1779361304,https://www.bilibili.com/video/BV1o5Lb6JEp3
all,4,BV1zULi6gEwM,能有你做我的弟子，真是太好了,牙牙的包裹,动漫剪辑,2332775,4831,5381,81794,130849,15866,230303,645,1779421746,https://www.bilibili.com/video/BV1zULi6gEwM
all,5,BV1KZG86FEJt,女朋友出门需要几步？,叶玲秋雨,同人动画,1962507,1308,6169,79485,54068,17136,223482,168,1779452449,https://www.bilibili.com/video/BV1KZG86FEJt
all,6,BV1JfLy6vEPu,"一个脱胎换骨的""你""，正于新世界诞生 | 《逆水寒：新世界》首支预告片",网易逆水寒,MMORPG游戏,8774545,7611,5683,134568,143916,52467,211705,598,1779255478,https://www.bilibili.com/video/BV1JfLy6vEPu
all,7,BV1J1L46HEmm,“战斗到最后一刻，他是真正的英雄！”,MJ小林大人嗷,影视剪辑,3070930,2716,9819,44488,27637,45728,172539,298,1779346800,https://www.bilibili.com/video/BV1J1L46HEmm
all,8,BV1dXLm6KET8,dangerous这一块，没有表演服还是校服,思恋在逞强,街舞,1546169,3039,12006,17961,24842,4003,231780,255,1779277826,https://www.bilibili.com/video/BV1dXLm6KET8
all,9,BV17eLt6mEJF,《安宁大厦生存守则》,Fel探险记,短剧短片,1840823,2245,2119,65900,16233,11156,163851,923,1779336149,https://www.bilibili.com/video/BV17eLt6mEJF
all,10,BV1kCLb68E9X,三国杀up锐评新三国290：我挥剑只有一次，可磨剑磨了十几年呐！,吃蛋挞的折棒,影视解读,1236404,31209,23543,21303,96680,12044,98768,1479,1779415200,https://www.bilibili.com/video/BV1kCLb68E9X
all,11,BV11vLm6UEj6,“新手就是爱炫耀”,魔法松露猪,休闲玩乐,2542154,1815,4339,44270,15642,5956,239661,108,1779280905,https://www.bilibili.com/video/BV11vLm6UEj6
all,12,BV14XLq64EQf,关于“活着”，我们问了问余华,影视飓风,人文历史,6129171,15276,8280,170792,204233,40808,439658,1477,1779181200,https://www.bilibili.com/video/BV14XLq64EQf
all,13,BV1qoLb6DE1n,Subnautica2：我管子哥回来了！,游戏人阿管,单机主机类游戏,2267678,7750,3150,87036,21161,1971,242797,235,1779358169,https://www.bilibili.com/video/BV1qoLb6DE1n
all,14,BV1FsLU6LEam,高铁那么快，人跳起来为啥不会往后移？,小芒星科普,科学科普,4734512,1428,8702,47143,11780,5292,228399,88,1779272673,https://www.bilibili.com/video/BV1FsLU6LEam
all,15,BV1qjLM6tEpi,有态势豆豆兵,有态度的豆豆兵,狗,2481922,822,3983,45111,8486,10969,345022,213,1779169065,https://www.bilibili.com/video/BV1qjLM6tEpi
all,16,BV1w6Lm6LEQS,当我把评论区全国各地网友们唱的《如愿》合在一起,钢琴小马甲,翻唱,1298376,1258,2759,44832,71104,6738,154777,215,1779274862,https://www.bilibili.com/video/BV1w6Lm6LEQS
all,17,BV1jLLb6SEcW,2026最解压的人狗组合灭鼠合集！,城市猎人飞哥,狗,1727944,2987,6330,14847,24212,4655,158945,309,1779365100,https://www.bilibili.com/video/BV1jLLb6SEcW
all,18,BV1HtLz6HEEH,为什么cos比sin更自私,仙童数学,应试教育,3107372,7015,9047,69729,24791,53039,168755,235,1779193565,https://www.bilibili.com/video/BV1HtLz6HEEH
all,19,BV1t1Gt6bEQJ,《明日方舟：终末地》「寻遗散记」版本前瞻预告,明日方舟终末地,单人RPG游戏,1879751,52429,20496,16779,49464,16133,105636,3002,1779449400,https://www.bilibili.com/video/BV1t1Gt6bEQJ
all,20,BV1nwLm63E9a,【白小白】美巡授课休斯顿站《青花瓷》粤语版编舞课堂,Ticki白小白,国风舞蹈,3056001,2619,9130,24823,9490,10548,265492,59,1779336000,https://www.bilibili.com/video/BV1nwLm63E9a
all,21,BV12eL46ZEe2,请停留三秒，为袁隆平院士献上一朵鲜花！5月22日是袁隆平院士逝世五周年，他最大的愿望是：饭碗要牢牢地掌握在中国人自己手上！,大象新闻,综合资讯,1092622,23890,11971,27384,135463,4065,740637,34,1779350304,https://www.bilibili.com/video/BV12eL46ZEe2
all,22,BV1hKL86yEdy,《崩坏：星穹铁道》天外卫星通信：「远坂凛」,崩坏星穹铁道,单人RPG游戏,2477742,6743,16515,23519,23969,52812,231278,17,1779451800,https://www.bilibili.com/video/BV1hKL86yEdy
all,23,BV1GfLw6vEbY,网络热传生物鉴定 第60期,无穷小亮的科普日常,野生动物·动物解说科普,1712931,11435,3377,14155,15753,4354,157761,552,1779444000,https://www.bilibili.com/video/BV1GfLw6vEbY
all,24,BV1Z3Lb6HEQ6,【侯绿萝】最新视频上线，求关注！,侯绿萝,剧情演绎,2624923,748,796,12865,4234,1151,150619,212,1779408000,https://www.bilibili.com/video/BV1Z3Lb6HEQ6
all,25,BV1CVGt6nESX,停更两年，我单飞了？,犀利有话说,随拍·综合,1845315,4245,4108,24727,39838,2005,110290,228,1779442966,https://www.bilibili.com/video/BV1CVGt6nESX
all,26,BV1i7LM6oErE,【苏新皓】原创英文单曲《Dawn in my soul》｜灵魂深处的曙光 双向奔赴的告白,苏新皓的时光胶囊,音乐现场,1214693,974790,1198270,117595,93155,189193,123625,237,1779167548,https://www.bilibili.com/video/BV1i7LM6oErE
all,27,BV1krLB6XEtF,被消防员们拉爆了,花小龙oy,其他vlog,1912092,3636,3202,16925,38965,2531,185573,213,1779249600,https://www.bilibili.com/video/BV1krLB6XEtF
all,28,BV16sLU65ESo,变相怪强（郝哥最红温的一集）,老J爱游戏,随拍·综合,1392505,2393,3443,34099,57683,12182,124439,307,1779272528,https://www.bilibili.com/video/BV16sLU65ESo
all,29,BV1nALS6EEQX,英国要大变天,燕三嘤嘤嘤,时政解读,2152810,7597,4502,16647,25370,1579,111140,1127,1779335400,https://www.bilibili.com/video/BV1nALS6EEQX
all,30,BV1pWLt6sE4D,往事只能哈基,虎纹章鱼,翻唱,2180666,813,4787,37764,12248,11817,226520,41,1779342285,https://www.bilibili.com/video/BV1pWLt6sE4D
all,31,BV17zLr6QEF2,汪！汪！！汪！！！,江肥肠,其他游戏,7859644,3590,3196,116834,13951,13084,296379,185,1779205117,https://www.bilibili.com/video/BV17zLr6QEF2
all,32,BV1RoLm6YEgX,大结局！阿祖死了！《黑袍纠察队》终于完结！,BuriedAlien,影视解读,3393102,14499,10186,24818,9092,6550,94459,1138,1779276574,https://www.bilibili.com/video/BV1RoLm6YEgX
all,33,BV1q4Gq6YEmi,《鸣潮》二周年潮声庆典纪念动画 | Turning Around 余烬重燃,鸣潮,原创音乐,677857,6507,26345,18523,48113,13095,69829,142,1779521400,https://www.bilibili.com/video/BV1q4Gq6YEmi
all,34,BV1xEL86iEwq,【袁隆平逝世五周年】三餐四季五载，他从未离开……,新华社,综合资讯,437948,9970,2994,15418,35266,3317,256944,130,1779379200,https://www.bilibili.com/video/BV1xEL86iEwq
all,35,BV11LLU6nE5r,夏日甜食｜海盐渐变芝士蛋糕,夹星饼干呀,美食制作,1462759,516,3238,79634,6425,15085,190607,51,1779273208,https://www.bilibili.com/video/BV11LLU6nE5r
all,36,BV1WYL16GEyq,《进 化 论 ②》,老番茄,其他游戏,3704768,2696,1557,39196,17990,4100,148364,890,1779272400,https://www.bilibili.com/video/BV1WYL16GEyq
all,37,BV1EMGb6CECd,遗忘重启 | 《遗忘之海》概念宣传视频,遗忘之海,影视综合,3696341,593,848,25749,23843,826,72313,461,1779444900,https://www.bilibili.com/video/BV1EMGb6CECd
all,38,BV1D6L26xEGh,《最想败诉の一集》,伤心欲茄222,语言类小剧场,2179373,1969,4213,14073,5601,7420,200703,170,1779257554,https://www.bilibili.com/video/BV1D6L26xEGh
all,39,BV1RDG46KExf,我 爱 吃 面,某幻君,原创音乐,1055360,5649,4578,23806,38065,13118,88717,247,1779450505,https://www.bilibili.com/video/BV1RDG46KExf
all,40,BV1nA5r6pEbn,三幻神最能防反的神！现版本青水实战思路,拉杰l,动作竞技游戏,1778365,1099,2476,27560,12715,4298,92878,451,1779328800,https://www.bilibili.com/video/BV1nA5r6pEbn
all,41,BV1teLb6qETf,杀人都能被大明星欢笑畅谈，我只感到恐慌,波士顿圆脸,影视资讯,935766,10349,9178,9507,31632,4514,82154,1276,1779362323,https://www.bilibili.com/video/BV1teLb6qETf
all,42,BV1ThLS6FEk8,「魔女与天使」 初次相遇 —— 尼可是如何被艾莉丝慢慢带坏的,战-G,同人动画,723467,1364,1809,25419,19873,5359,69995,306,1779355800,https://www.bilibili.com/video/BV1ThLS6FEk8
all,43,BV1ANLb64EjX,第一次尝试暗黑系亚文化！,-小胡同学呀,其他vlog,2906991,1255,3086,37108,3554,1546,135990,340,1779368106,https://www.bilibili.com/video/BV1ANLb64EjX
all,44,BV1T4L16jExs,现在的小孩vs我小时候,西维西师傅,剧情演绎,3014516,697,2155,15415,3312,2769,217396,48,1779269519,https://www.bilibili.com/video/BV1T4L16jExs
all,45,BV14uLq6dEGd,30元城市生存挑战两天两夜…,张宇斐,随拍·综合,5210401,9693,5973,55331,16743,11540,218850,1265,1779185461,https://www.bilibili.com/video/BV14uLq6dEGd
all,46,BV15ULa69E7k,没有520，只剩猛男的“无声告别”💔,阔阔猫Keer,翻唱,1157389,2044,3902,23707,11234,7007,167712,81,1779440400,https://www.bilibili.com/video/BV15ULa69E7k
all,47,BV1fXLb6WEoc,被小猫扒拉了,是豆包不是沙包猫咪,猫,1629429,354,2611,25798,1656,13775,166439,31,1779359053,https://www.bilibili.com/video/BV1fXLb6WEoc
all,48,BV1G3LC6UEfG,飞吧 “踢”仔！,QG吃饱辣,射击游戏,2087281,523,1493,96776,6961,19584,134663,524,1779237000,https://www.bilibili.com/video/BV1G3LC6UEfG
all,49,BV1fyLm6rEju,宅女神器？我魔改了一个电竞行李箱！只为户外打游戏？,苏打baka,自制发明/设备,1849670,422,915,27332,26577,1005,83058,282,1779278400,https://www.bilibili.com/video/BV1fyLm6rEju
all,50,BV1NeL46fERc,把下列句子改成“绷住”能有多惊艳！（第二弹）,老实人林少,随拍·综合,1900634,378,3989,29041,1856,12419,143588,44,1779350313,https://www.bilibili.com/video/BV1NeL46fERc
all,51,BV1nCLm6VEw5,极限拉扯,Driss阿迪,剧情演绎,2296900,293,1202,13006,1482,2016,158340,100,1779275312,https://www.bilibili.com/video/BV1nCLm6VEw5
all,52,BV1xYLi6nEyi,星际超级荒诞动画喜剧！《外星小偷里贝》第02话：男女对立星球【UP动画】,梦游牛油果官方频道,同人动画,1732773,727,3376,16075,4076,6322,80225,487,1779444006,https://www.bilibili.com/video/BV1xYLi6nEyi
all,53,BV1Y5Li6YEBV,您高考必上榜，先生,天天吃八碗,鬼畜综合,950613,8640,2554,21724,10271,6307,128444,94,1779423107,https://www.bilibili.com/video/BV1Y5Li6YEBV
all,54,BV11XLv6mEKW,B站热门哈基米串烧——人叫版第三册,吹拉弹唱慕星银,随拍·综合,1019198,1562,2855,14079,16126,10598,78102,371,1779449400,https://www.bilibili.com/video/BV11XLv6mEKW
all,55,BV1fQL46jEwX,玩黄忠，想死哪里自己选。,流夜一动不动,MOBA游戏,2488046,690,1664,5765,1925,3509,100584,223,1779347261,https://www.bilibili.com/video/BV1fQL46jEwX
all,56,BV1YkLq6PEGG,论大学生的赶课速度belike,叫我左逍遥,剧情演绎,4905623,351,3423,41293,6656,5494,420075,19,1779184876,https://www.bilibili.com/video/BV1YkLq6PEGG
all,57,BV19cLD6BE9F,祖国人终于死了！《黑袍》大结局彻底烂尾？还是高开低走？,努力的Lorre,影视解读,2577870,8703,6170,18573,6642,3117,68039,928,1779288231,https://www.bilibili.com/video/BV19cLD6BE9F
all,58,BV1vfL46rEHK,筹备一年的北极圈中餐厅终于亮相芬兰市中心开张啦！试营业首日惊艳各国老外胃！功夫茶表演收获满堂喝彩疯狂鼓掌！,雨琪在芬兰,美食记录,1353610,8906,2010,11150,40946,765,64602,2239,1779346638,https://www.bilibili.com/video/BV1vfL46rEHK
all,59,BV1F3Lh6cESZ,我的腮帮子强得可怕！,薪儿姐师尊,剧情演绎,2684843,3032,4874,11229,2602,8611,101638,227,1779378659,https://www.bilibili.com/video/BV1F3Lh6cESZ
all,60,BV1wDLh6eE9p,”可没人教过我怎么别把一切搞砸“,乐马不要加班_Edit,影视剪辑,1334609,423,4312,19545,9747,3375,62789,161,1779368850,https://www.bilibili.com/video/BV1wDLh6eE9p
all,61,BV1n7Lc6yEdr,「诡秘之主」灰雾测试招募开启！赞美愚者！,诡秘之主游戏,其他游戏,3777806,497,2907,14383,21124,4305,35091,139,1779415200,https://www.bilibili.com/video/BV1n7Lc6yEdr
all,62,BV178596pEGo,希望这个视频能爽到你😁,Andy朱志洪,美食制作,5122126,1283,4313,15751,4095,4570,292204,53,1778753041,https://www.bilibili.com/video/BV178596pEGo
all,63,BV1iALF6NEQ2,【二中首发】我找了2400人进行高考挑战！,小宏不炸机,随拍·综合,1914879,2187,3916,51542,30240,8892,152061,453,1779181200,https://www.bilibili.com/video/BV1iALF6NEQ2
all,64,BV19iLv6bEKh,【原创AI动画】当全世界所有人都永生不死【永生世界】,胡搞瞎搞MessAround,AI影视,1073796,1097,2686,18771,4613,1143,65795,415,1779440400,https://www.bilibili.com/video/BV19iLv6bEKh
all,65,BV1okLC64EPm,我就喜欢同你玩【三角洲动画】,峡谷开饭了,同人动画,1143334,396,1046,35877,3765,2728,103627,167,1779250002,https://www.bilibili.com/video/BV1okLC64EPm
all,66,BV1MRLt6PEVF,当很久没有见到另一半时…,Nagomi_ANI,同人动画,660553,96,1687,46447,4445,5342,122430,14,1779365810,https://www.bilibili.com/video/BV1MRLt6PEVF
all,67,BV1LCL86JE3a,“千场重开，教会你游侠梦的是...”,中二--乱破限定,单人RPG游戏,683780,1268,1363,14652,35731,2189,72723,1164,1779408000,https://www.bilibili.com/video/BV1LCL86JE3a
all,68,BV1pdL26LE8t,《洛克王国：世界》欢迎「学院呱呱」正式入学！,洛克王国世界,单人RPG游戏,2965489,24312,90663,7203,3373,5404,77575,84,1779334304,https://www.bilibili.com/video/BV1pdL26LE8t
all,69,BV1yjLU6DEQH,拒绝沙人羞耻的监狱来的妈妈：不如拍来自天堂的梅姨。,唯一讲述者,影视解读,1233367,8791,8905,11169,21828,5241,71856,1077,1779274205,https://www.bilibili.com/video/BV1yjLU6DEQH
all,70,BV1tsLi6dERU,这得要不少奶，先生,王与也行,鬼畜综合,1903019,960,1465,13938,1511,6684,108515,116,1779424569,https://www.bilibili.com/video/BV1tsLi6dERU
all,71,BV199L16oEk4,⚡西 域 对 对 子 战 神 2⚡,洛温阿特金森,鬼畜综合,1618227,2060,1894,19568,11895,3060,98717,121,1779274800,https://www.bilibili.com/video/BV199L16oEk4
all,72,BV155Gb6zEyV,底气，是有娘家人托举,-显眼宝-,剧情演绎,1719219,1262,1077,3366,2735,1485,92252,201,1779436820,https://www.bilibili.com/video/BV155Gb6zEyV
all,73,BV1oVL46GEVY,你躺进了仪器，医生看到了什么？,亿点点不一样,健康科普,1173715,3583,1999,14068,12791,3103,65216,527,1779354000,https://www.bilibili.com/video/BV1oVL46GEVY
all,74,BV1vKLe6cEmp,福建舰之大，竖屏放得下！,中国船舶报,时政资讯,1635304,1378,4500,6987,1006,2818,167732,16,1779416048,https://www.bilibili.com/video/BV1vKLe6cEmp
all,75,BV1NcLb6FE4R,《绝区零》星徽·比利角色展示 | 骑士登场！(典藏版）,绝区零,单人RPG游戏,544954,1195,4098,11410,25499,5657,64861,437,1779422400,https://www.bilibili.com/video/BV1NcLb6FE4R
all,76,BV1q5LB63E7y,薯条，我的信仰,刘刚战损版,美食记录,1600794,2165,7560,24987,21520,38249,173638,107,1779172834,https://www.bilibili.com/video/BV1q5LB63E7y
all,77,BV1mFLk6TEC9,【绯雪家的八姐妹】漂泊者能否承受八只白毛的爱,时年Shine,同人动画,1041111,517,1493,33809,9318,5043,58943,345,1779246000,https://www.bilibili.com/video/BV1mFLk6TEC9
all,78,BV1qdLb6HEgq,完颜专员，立刻发射猛安谋克守军！【帝国时代4】,DarkCarrot,即时策略游戏,753126,2307,2293,11616,26355,1838,58382,1022,1779359432,https://www.bilibili.com/video/BV1qdLb6HEgq
all,79,BV1uKLx6FEPZ,平A一下 堪比大招,樱梨梨Eriri,cosplay,1357470,76,1148,30154,1467,1591,109073,11,1779336300,https://www.bilibili.com/video/BV1uKLx6FEPZ
all,80,BV1zpGt65EWU,也许你从未了解过波黑，但你一定听说过萨拉热窝,食贫道,美食探店,1399928,4495,1735,12666,11910,1667,57522,2804,1779444573,https://www.bilibili.com/video/BV1zpGt65EWU
all,81,BV14sL16mEQy,在被大火烧毁的家里唱了《死別》,燕小龟STARMOON,翻唱,622321,2370,1165,12984,43077,816,158495,23,1779268706,https://www.bilibili.com/video/BV14sL16mEQy
all,82,BV1c2Lb6bEmq,“还有我 在你身边说我爱你啊”洛天依《蝴蝶》【原创手书PV】,洛天依,原创音乐,172257,1312,4358,25883,29910,5772,42145,216,1779356000,https://www.bilibili.com/video/BV1c2Lb6bEmq
all,83,BV1P5Lq6pEsE,《上 海 奥 特 曼》,册那队长,动画配音,4489444,1754,13534,57756,32122,104949,269035,46,1779187014,https://www.bilibili.com/video/BV1P5Lq6pEsE
all,84,BV1PdGt6XEJj,印度现在的精神状态，莫迪赢学也不好使了,麻薯波比呀,时政解读,1210880,7636,3302,8440,7204,710,68570,1175,1779444237,https://www.bilibili.com/video/BV1PdGt6XEJj
all,85,BV1M8Gb6bE4L,中国剑术！最恶心的招式!   前手剑指！,剑麻老贱贱,武术,834994,3556,5407,14625,5306,1464,59313,902,1779463852,https://www.bilibili.com/video/BV1M8Gb6bE4L
all,86,BV17eLt6mEUP,【我的幽灵女友官方】#120 复制幽灵苏茜 👻👻😶💀,dsand00,同人动画,1939489,126,512,19730,2160,483,122724,51,1779336245,https://www.bilibili.com/video/BV17eLt6mEUP
all,87,BV182LU6FEyK,过这一段有BGM在脑内响,颐离,单人RPG游戏,663709,3426,4670,23612,4162,35087,114728,19,1779300796,https://www.bilibili.com/video/BV182LU6FEyK
all,88,BV1s7Lt6bEj7,海军·萨镇冰：见证中国从屈辱到复兴的94年。,正直讲史-李正Str,人文历史,493343,6405,3232,14715,31996,2305,45600,5412,1779343264,https://www.bilibili.com/video/BV1s7Lt6bEj7
all,89,BV1btLm6WET3,富人：戒了烟我不习惯⚡️没有你我怎么办😭,和如4231,同人动画,1415337,8413,8698,25080,8785,13691,86442,54,1779280939,https://www.bilibili.com/video/BV1btLm6WET3
all,90,BV1rEL266EFq,特朗普还在回味，俄罗斯又来了！多国高层连续访华意味着什么？【毒舌的南瓜】,毒舌的南瓜,时政解读,1601095,9231,2193,14274,8296,1623,82553,1270,1779262010,https://www.bilibili.com/video/BV1rEL266EFq
all,91,BV1HmLb6dEAD,这得堵不少桥 先生,核动力路灯,鬼畜综合,824091,239,875,11331,980,4038,75446,162,1779356650,https://www.bilibili.com/video/BV1HmLb6dEAD
all,92,BV1cpGt6LEJy,海参：我即是深渊,芳斯塔芙,野生动物·动物解说科普,728380,3431,1573,13486,11491,1269,60206,989,1779445993,https://www.bilibili.com/video/BV1cpGt6LEJy
all,93,BV14BLM6VEb6,恶魔夫妇4突1狙+5000发弹药+7个儿童，诱杀12名警员，打出美警史上最惨烈一战！,爱看热闹的大鹏,社会观察,1646752,20244,8302,32144,14840,9496,92448,1323,1779183000,https://www.bilibili.com/video/BV14BLM6VEb6
all,94,BV1PBLS6sEj7,“DIO的女儿…？”,kurumi-25,cosplay,429810,64,1456,33414,4190,2087,119920,13,1779293028,https://www.bilibili.com/video/BV1PBLS6sEj7
all,95,BV13mLr6jEmq,“现在的你也在以爱之名寻找吗？”,怀孕の日奈酱,单人RPG游戏,1719195,243,2557,30415,2721,2226,139103,39,1779207891,https://www.bilibili.com/video/BV13mLr6jEmq
all,96,BV13rLx6NEjh,笑死，易立竞狂戳孙杨肺管子,一只吐槽圆,娱乐评论,1743685,13332,6095,8984,5947,20884,52569,760,1779325515,https://www.bilibili.com/video/BV13rLx6NEjh
all,97,BV1ECLw61EnK,花30秒跟我做这个动作，大脑瞬间清醒🧠,奶牛Denny的播客,健康科普,1311602,731,2720,95982,3763,3441,103896,88,1779097584,https://www.bilibili.com/video/BV1ECLw61EnK
all,98,BV191Lu64EXA,直到下次再见……,鸣潮先行公约,原创音乐,1018616,9506,9653,24689,41778,12052,71462,307,1779249600,https://www.bilibili.com/video/BV191Lu64EXA
all,99,BV1CmLh6vEDD,一个视频告诉你原神世界树有多大！,伊甸之伊,单人RPG游戏,1089521,1524,2082,9257,7844,1957,68819,309,1779368461,https://www.bilibili.com/video/BV1CmLh6vEDD
all,100,BV1Ve5S6NEty,记得和最亲近的人，多说“我爱你”,谢谢侬陈森,随拍·综合,1714303,373,712,2952,4892,738,77442,229,1779267600,https://www.bilibili.com/video/BV1Ve5S6NEty
douga,1,BV1B8ZJYTEPg,现代修仙，没钱纯靠自律【自律狠人】【第一季超长电影版】,圆桌动漫,同人动画,9236040,4235,1477,127810,22670,1760,77436,2960,1743418022,https://www.bilibili.com/video/BV1B8ZJYTEPg
douga,2,BV1UbZ8YmEP8,【大鸣王潮1566】死告者,寞桀緣才,同人动画,1628502,8978,3318,14443,30582,6128,120045,194,1743518627,https://www.bilibili.com/video/BV1UbZ8YmEP8
douga,3,BV1mSZkYQEGf,《穷鬼的上下两千年》第一集：老夫，秦国白起,吃顾楠的豆饭,同人动画,1275965,1487,3145,47808,13693,1750,89311,350,1743356961,https://www.bilibili.com/video/BV1mSZkYQEGf
douga,4,BV1q2ZtYtExy,“把怪兽叫来，我让你把怪兽叫来！”,思瑞弟,特摄,4048655,2151,1979,200467,26288,3800,183740,151,1743503275,https://www.bilibili.com/video/BV1q2ZtYtExy
douga,5,BV1dEfKYcENK,以前光顾着看陀螺了！一个角色为啥比动画还火？,The梁某人,动漫评论,3015286,5905,3686,34939,14315,3305,116205,836,1743595200,https://www.bilibili.com/video/BV1dEfKYcENK
douga,6,BV1YTZvYMECW,林宇同居16集 林宇要打苏清雪打屁屁了,王权神算,同人动画,3863868,468,315,186004,3695,188,18844,227,1743304818,https://www.bilibili.com/video/BV1YTZvYMECW
douga,7,BV1U7ZxYzEkC,【Mujica/完结纪念Mad】心灵感应 :-sakiko,法國香菜,音MAD,782141,347,1550,54530,51718,11314,108800,145,1743479100,https://www.bilibili.com/video/BV1U7ZxYzEkC
douga,8,BV1G1ofYiENJ,墨墨尊瞳,严小墨哦,同人动画,7229226,536,365,209957,7646,239,35671,367,1743222626,https://www.bilibili.com/video/BV1G1ofYiENJ
douga,9,BV1rUZeYnEDg,火柴人大乱斗即将来袭:独属于我们ab圈的2d横版格斗,井上鲸,其他游戏,3722271,771,498,147542,8405,349,45868,498,1743292823,https://www.bilibili.com/video/BV1rUZeYnEDg
douga,10,BV1YcZYYeE7Y,人怎么能犯这么大的蠢,鬼鬼_onioni,宅舞,2942198,263,1832,45616,3076,6055,388844,11,1743258761,https://www.bilibili.com/video/BV1YcZYYeE7Y
douga,11,BV1kpZhYrEA7,当物理应用成为杀人手段，当现实与虚拟交汇,野人少女79,动漫速读,12108869,1197,574,83475,3402,536,46314,502,1743504634,https://www.bilibili.com/video/BV1kpZhYrEA7
douga,12,BV1TqZwYzED5,法庭上禁止对嫌疑人用乌鸦坐飞机啊！！！《时空独舞篇》,芦苇十三少,同人动画,3546738,994,350,59956,9734,685,117744,468,1743226634,https://www.bilibili.com/video/BV1TqZwYzED5
douga,13,BV199ZtYXEe9,doro：我来助你,沐小落luoluo,同人动画,787810,34198,1604,47831,8703,6782,228312,11,1743496877,https://www.bilibili.com/video/BV199ZtYXEe9
douga,14,BV1nUZCYGErd,谁知道小舞的妈妈和比比东的关系呀,自然丢了小舞,同人动画,1782333,10,14,45374,4359,104,5010,185,1743381353,https://www.bilibili.com/video/BV1nUZCYGErd
douga,15,BV142Z7YmE4y,199元，2斤，带龙！驭意堂 元灵黄帝 合金骨架拼装模型【评头论足】,-评头论足-,模玩周边,901955,4881,4952,15280,12843,11035,31187,1238,1743415200,https://www.bilibili.com/video/BV142Z7YmE4y
douga,16,BV1ZKodYvE6V,耗时365个小时，至尊级VIP享受！,刺客乌鸦,同人动画,6372915,403,133,230300,17545,303,45994,1068,1743221400,https://www.bilibili.com/video/BV1ZKodYvE6V
douga,17,BV1HLZbYBEXg,【星曈】合约到期 企划换人！,星瞳_Official,同人动画,1709071,250,2140,10997,5876,1473,65997,60,1743498099,https://www.bilibili.com/video/BV1HLZbYBEXg
douga,18,BV1PLZ6YMEe7,当课堂出现敏感词时,小叶z1,同人动画,1575041,600,3875,65681,4016,9323,183883,10,1743354256,https://www.bilibili.com/video/BV1PLZ6YMEe7
douga,19,BV1LHZpYgEPn,“ 卖   药   郎 ”,我有两条狗你呢,动漫剪辑,1532702,311,2032,75171,42126,8063,235386,90,1743422105,https://www.bilibili.com/video/BV1LHZpYgEPn
douga,20,BV1who6YPEtE,黑胡子有4种不同的牙齿，战斗力&脾气也会随着牙齿的改变而改变,阿金很忙,动漫速读,1738482,1279,3179,7642,8049,5153,61853,604,1743336300,https://www.bilibili.com/video/BV1who6YPEtE
douga,21,BV1pqZzYPECM,小马の《潮汐》⚡️(完整版),T-wixtor,翻唱,1068628,336,3273,41349,10249,2484,116912,184,1743325186,https://www.bilibili.com/video/BV1pqZzYPECM
douga,22,BV1DAZHYYEoj,《柯南》神秘流浪汉被砸后恢复了记忆，没想到竟惨遭杀身之祸！,他说电影,动漫速读,7670827,659,532,33813,2100,390,43310,267,1743434296,https://www.bilibili.com/video/BV1DAZHYYEoj
douga,23,BV1P3ZPYNETK,《微凉提示》傲娇师尊给你的备注竟然是炉鼎！高冷师姐更是要亲你,浮云漫说,动漫速读,8383403,285,185,161320,4058,182,41378,673,1743242783,https://www.bilibili.com/video/BV1P3ZPYNETK
douga,24,BV1yJZHYQEAh,战力对比:哪吒VS敖光！谁强谁弱？,-欧斯-,动漫评论,1461979,23,19,11128,402,111,1310,61,1743436388,https://www.bilibili.com/video/BV1yJZHYQEAh
douga,25,BV1JWoRYKEHD,你变身成迪迦 在各个奥特曼副本里拯救世界P100,磷火动漫,同人动画,4633451,35979,2407,70101,13341,424,45531,622,1743303600,https://www.bilibili.com/video/BV1JWoRYKEHD
douga,26,BV19KZWYuE6W,千百次的训练只为这一刻,我本书剑飘零,二次元线下,5076309,328,1031,34105,6752,4106,470860,21,1743482572,https://www.bilibili.com/video/BV19KZWYuE6W
douga,27,BV1WEfNYGEbz,奔跑的一生,圣光老山药,同人动画,4808592,456,494,25994,2221,891,146811,113,1743588000,https://www.bilibili.com/video/BV1WEfNYGEbz
douga,28,BV1t6oXY1E3n,【鸣潮】为了翡萨烈家族的血脉，我漂泊者义不容辞呀！！！,NZ75鸽,同人动画,2117325,2732,1439,125752,10002,12039,116215,138,1743220800,https://www.bilibili.com/video/BV1t6oXY1E3n
douga,29,BV1sYZrYyEaM,【Evil】这就是我的精神状态,Vedal和Neuro-sama,虚拟UP主,817970,111,669,31530,7788,2822,105279,50,1743422400,https://www.bilibili.com/video/BV1sYZrYyEaM
douga,30,BV1XMZxY1Esx,奥美迦奥特曼首次公开登场！,Milk缪客,特摄,1003767,1504,2625,6264,4110,2165,46516,94,1743458739,https://www.bilibili.com/video/BV1XMZxY1Esx
douga,31,BV1txZzYrEh2,想和你一起玩游戏的可爱萌新队友【明日方舟】,RPGLauncher,同人动画,1031624,159,2213,30397,6454,4226,119170,22,1743336900,https://www.bilibili.com/video/BV1txZzYrEh2
douga,32,BV1sSoXYzEP9,正义铁拳1-3合集你只是一个谦逊和蔼的辅警 却三脚就能让A级通缉犯跪下唱征服,在下左左漫,同人动画,10317955,99,63,242506,9609,128,34562,1354,1743154935,https://www.bilibili.com/video/BV1sSoXYzEP9
douga,33,BV1kEZJYyE1x,我想和小伙伴们说句话,伤花物语,动漫评论,604664,171,653,14411,1403,282,89072,63,1743418743,https://www.bilibili.com/video/BV1kEZJYyE1x
douga,34,BV1EnoXYbEu8,《红衣冥帝》1,阿木动画,动漫速读,6287723,10,30,236638,7263,109,65410,326,1743158612,https://www.bilibili.com/video/BV1EnoXYbEu8
douga,35,BV1xJZvYFEug,突破次元壁！和初音的一天~,神奇的老皮,其他游戏,1835955,387,540,25603,3121,1046,67861,128,1743307572,https://www.bilibili.com/video/BV1xJZvYFEug
douga,36,BV1N2oXYrEVh,《道术镇阴阳》-第一集-先秦阴阳家传人，请多指教！,虾木木-,同人动画,2809673,141,51,84434,1552,145,15252,223,1743154479,https://www.bilibili.com/video/BV1N2oXYrEVh
douga,37,BV1kBZ8YrEgL,【一拳超人】原作153：甜心假面最帅救场！超合金黑光重拾自信？,假装冷酷的起灵,动漫速读,1554341,2813,2849,8719,8297,1691,49464,611,1743512051,https://www.bilibili.com/video/BV1kBZ8YrEgL
douga,38,BV114ZxYYE5h,爱丽丝的秘密 [蔚蓝档案动画片],BlueSechi,动漫剪辑,546488,296,600,15258,5359,1939,77317,33,1743473400,https://www.bilibili.com/video/BV114ZxYYE5h
douga,39,BV1oootYoEpL,回答我,果冻卡哇,同人动画,1385649,1097,1534,28451,5065,15212,112048,34,1743336000,https://www.bilibili.com/video/BV1oootYoEpL
douga,40,BV1EgZaYzEoL,“小作坊就得猛猛下料啊！”,久远丶酱,同人动画,1412367,3614,934,39919,18814,8722,115439,132,1743300000,https://www.bilibili.com/video/BV1EgZaYzEoL
douga,41,BV1xMZbYVEnU,最高9.9分！在爱中诞生的奇迹之作！34部1月新番完结吐槽·下,噩梦D,动漫评论,835745,2760,1509,10136,6149,1055,30580,1057,1743498567,https://www.bilibili.com/video/BV1xMZbYVEnU
douga,42,BV1JEZPY8EKz,无法讨好全世界 不如先讨好自己吧,蒜偷小狗八,同人动画,7549232,596,609,100376,6541,514,93890,180,1743245245,https://www.bilibili.com/video/BV1JEZPY8EKz
douga,43,BV1yDZBYvEW9,⚡👟  差  一  步  👟⚡,夜城入仁菜,随拍·综合,441467,548,1787,20146,4606,16452,61929,331,1743331867,https://www.bilibili.com/video/BV1yDZBYvEW9
douga,44,BV1zhZHY5ELb,《普通婴儿饺子·桂芬》,龙三条,动漫剪辑,896454,2644,722,3006,3135,590,30786,1202,1743478200,https://www.bilibili.com/video/BV1zhZHY5ELb
douga,45,BV1oTZrYaE2J,魅魔小祥的近距离魅惑术【初华自用】,幻想風靡_,动漫剪辑,797324,95,4048,29029,4285,12859,55216,15,1743346610,https://www.bilibili.com/video/BV1oTZrYaE2J
douga,46,BV1mtfPYjEkC,科幻超英燃炸四月！高分续作终于定档！【2025四月国创新番导视】,利维坦mY,动漫评论,773039,2571,1018,11478,3029,745,33460,410,1743587700,https://www.bilibili.com/video/BV1mtfPYjEkC
douga,47,BV1sHZvYZEMS,这照片是你吗？,烦恼死的夏洛,同人动画,1465103,461,1210,35398,6765,3359,147757,16,1743304868,https://www.bilibili.com/video/BV1sHZvYZEMS
douga,48,BV1pKZiYZEiF,“原来数码宝贝给我的勇气徽章早就失效了啊？”,名字君Montage,动漫剪辑,926724,1163,1463,22003,29316,3445,42308,259,1743306300,https://www.bilibili.com/video/BV1pKZiYZEiF
douga,49,BV1xhZEYmEjA,《我看这牛牛也是秀色可餐呐！！》,加班鱼,同人动画,637301,463,245,16969,7618,898,31011,174,1743393997,https://www.bilibili.com/video/BV1xhZEYmEjA
douga,50,BV1aQZWYBEK9,第189集 0帧起手,在下晚秋,同人动画,454856,648,1163,2439,16204,278,28215,256,1743440029,https://www.bilibili.com/video/BV1aQZWYBEK9
douga,51,BV1ZhZhYKEYS,愿大家的梦想和选择都能被尊重,全世界唯一的小m,漫画·动态漫,532375,36,706,6342,681,435,59473,19,1743504220,https://www.bilibili.com/video/BV1ZhZhYKEYS
douga,52,BV1XVZzYSEww,合伙创业，如何做股权分配协议,cheems小电影,商业财经,682677,114,544,29186,2773,1478,62936,113,1743327659,https://www.bilibili.com/video/BV1XVZzYSEww
douga,53,BV1r2ZeYQE4D,柯南版，灰原哀：回答我！,橙子微漫,动漫剪辑,2003894,333,1367,49310,2305,413,19219,85,1743328800,https://www.bilibili.com/video/BV1r2ZeYQE4D
douga,54,BV1ryfPYvEJF,游戏照映到现实，完成S级任务，就能获得毁灭世界的力量！,爆炸动画,同人动画,3317064,2,10,58935,1231,87,31074,594,1743575203,https://www.bilibili.com/video/BV1ryfPYvEJF
douga,55,BV1jboeY3Euo,用机械傩舞给同学们一点震撼,陳楚念,舞蹈综合,6700970,938,3375,66599,9781,5919,484552,17,1742985000,https://www.bilibili.com/video/BV1jboeY3Euo
douga,56,BV1hHZzYLEc4,考古出土2000年前的汉代陶俑人偶撞脸《迪迦奥特曼》,说动漫的雷欧,特摄,4368095,121,113,23975,567,166,8262,305,1743330474,https://www.bilibili.com/video/BV1hHZzYLEc4
douga,57,BV1xnZcYhE2a,【复仇爽剧】小粉拿下擂台赛冠军,骑广东蟑螂上学,休闲/小游戏,3899132,461,307,42939,1623,170,10361,230,1743238767,https://www.bilibili.com/video/BV1xnZcYhE2a
douga,58,BV1nfZ7YzENT,莫莫咖的火鸡面,呼吸菌QAQ,同人动画,3152865,548,429,56866,3899,2478,43768,118,1743403572,https://www.bilibili.com/video/BV1nfZ7YzENT
douga,59,BV1SSZkYQEGf,莫提斯emoji转场,皮神睡不醒,动漫剪辑,853188,42,2965,21317,4188,7431,55310,18,1743357210,https://www.bilibili.com/video/BV1SSZkYQEGf
douga,60,BV1HLZPYaEwP,云间星颜002,橘秋动漫,同人动画,4190680,44,25,185438,3515,96,17840,245,1743243177,https://www.bilibili.com/video/BV1HLZPYaEwP
douga,61,BV1czZEYGESP,【邦邦的日常】装腔作势的男人,邦邦的日常_official,同人动画,682803,196,196,4979,801,770,66716,58,1743472800,https://www.bilibili.com/video/BV1czZEYGESP
douga,62,BV1AsZGYtEwx,你经常做的事，有可能要了你的命？,小聪明张建国,其他知识杂谈,5197807,44,37,56348,1671,270,8260,66,1743156000,https://www.bilibili.com/video/BV1AsZGYtEwx
douga,63,BV1m2ZbY7E2m,Eva Mujica #13 在世界中心呼唤爱的野兽,绞丝旁LLL,同人动画,737445,607,1755,34982,23486,24608,78590,76,1743494423,https://www.bilibili.com/video/BV1m2ZbY7E2m
douga,64,BV1cAZ8YiELq,偷猎者再现狗熊岭！光头强母亲出场？【熊出没之小小世界2】45-48集,二啦不二,动漫速读,545921,864,297,2449,172,114,2224,434,1743490136,https://www.bilibili.com/video/BV1cAZ8YiELq
douga,65,BV1PDoRY2EzQ,地铁传承全集,阿锐动画,同人动画,2550544,705,100,62132,3204,327,16386,894,1743167970,https://www.bilibili.com/video/BV1PDoRY2EzQ
douga,66,BV13HQmYREU2,“反 乌 托 邦”,深渊薯片,动漫剪辑,5498987,19752,4476,231769,108507,10634,439311,151,1742013136,https://www.bilibili.com/video/BV13HQmYREU2
douga,67,BV1TwZBYuEGd,盘点【剑风传奇】最强的人类角色！,DIO君的假电台,动漫评论,801110,1900,1137,7099,2579,539,27232,1042,1743501600,https://www.bilibili.com/video/BV1TwZBYuEGd
douga,68,BV1pooRYkE6w,我推的emoji转场,ずっと真夜中で,动漫剪辑,1467514,406,2713,68399,16259,6817,246032,18,1743166355,https://www.bilibili.com/video/BV1pooRYkE6w
douga,69,BV1UEZtY2Eor,乐高店门口修补点惨遭毒手！,Brickworld,其他手工,2576524,56,325,2062,381,146,34130,16,1743473849,https://www.bilibili.com/video/BV1UEZtY2Eor
douga,70,BV18VZcYKEc4,小少爷错把E当成了小欧,阿酒动画,同人动画,4238263,98,84,110760,2268,126,16416,190,1743210897,https://www.bilibili.com/video/BV18VZcYKEc4
douga,71,BV1c5ZPYAEM4,《浮生海岛》24。你和三个女人被传送到一座孤岛上 #二次元 #原创动漫  #原创动画,浮生动漫666,同人动画,5123523,56,45,87410,1608,94,27979,234,1743243101,https://www.bilibili.com/video/BV1c5ZPYAEM4
douga,72,BV1gvZsYuE63,食材坏了怎么办！大厨万敌帮你变废为宝！,瓶装白矮心,同人动画,1125010,351,658,10215,2845,1172,66491,48,1743469353,https://www.bilibili.com/video/BV1gvZsYuE63
douga,73,BV1uTZkYHEmz,「心灵感应BGM一响，DNA动了！」教室走廊秒变异次元，周防有希の舞见参上！,雪柔睡不醒,宅舞,392871,65,292,33661,3031,702,70122,80,1743382800,https://www.bilibili.com/video/BV1uTZkYHEmz
douga,74,BV1AqZEYCExw,【碧蓝档案】各个学院板块原型解析,枫钦不打高端局,单人RPG游戏,672621,301,504,49744,2076,769,36176,215,1743393369,https://www.bilibili.com/video/BV1AqZEYCExw
douga,75,BV1yGZbY6EPz,阿漂你...就由我椿来守护！,汐汐不想睡大街,同人动画,354091,135,589,7579,6549,1262,47507,28,1743497703,https://www.bilibili.com/video/BV1yGZbY6EPz
douga,76,BV1bHZzY5ENr,假如原神里也有短视频【第十期】,橙絮搅拌机,同人动画,667069,463,414,17252,2111,2323,62817,152,1743330540,https://www.bilibili.com/video/BV1bHZzY5ENr
douga,77,BV1HfZ7YzEop,看起来很假，但确实是我漂泊者的日常,仰望的星星酥,同人动画,336348,41,750,11599,6511,765,40645,25,1743415200,https://www.bilibili.com/video/BV1HfZ7YzEop
douga,78,BV1YdZtYHE6d,大 秦 军 工 ，值 得 托 付 ！,特兰防卫会TDC,同人动画,1252845,324,438,37319,4097,560,61628,70,1743508800,https://www.bilibili.com/video/BV1YdZtYHE6d
douga,79,BV1mCZBYgEKm,梦之烧麦,小蒙古包卓拉,同人动画,598421,290,1119,12179,6977,2630,67421,185,1743332910,https://www.bilibili.com/video/BV1mCZBYgEKm
douga,80,BV1dtZ4YQECy,“因为「柔软」比「钻石」更难破坏”,一坨藤壶,动漫剪辑,717518,65,652,8147,584,353,62619,59,1743482364,https://www.bilibili.com/video/BV1dtZ4YQECy
douga,81,BV154Z4YpEHG,如果你这样都算痛苦的话 那我经历的一切又算什么呢,破米库,同人动画,1049892,558,1582,48748,7926,19161,103173,51,1743479571,https://www.bilibili.com/video/BV154Z4YpEHG
douga,82,BV1ymZBYqERX,盘点艾克斯全怪兽实力排名：20-16名,小念动漫,特摄,1027625,39,21,7892,182,98,3568,321,1743332992,https://www.bilibili.com/video/BV1ymZBYqERX
douga,83,BV1tNoRY7E13,"""赌 狗""",肥笨不肥,同人动画,3674980,637,624,25816,2272,467,32969,193,1743242400,https://www.bilibili.com/video/BV1tNoRY7E13
douga,84,BV13rZhYbEbS,我必须习惯啊。,神奇猫猫头,二次元其他,636032,17701,496,11615,672,988,107853,23,1743505655,https://www.bilibili.com/video/BV13rZhYbEbS
douga,85,BV1TYfKYQEjy,《瑞克和莫蒂》第八季终于定档！下个月，5月25日首播！（瑞克和莫蒂：愚人节官宣）#313,安迪视频,动漫评论,536664,577,693,3289,4036,2950,30318,442,1743593422,https://www.bilibili.com/video/BV1TYfKYQEjy
douga,86,BV1QbZVYCEVB,“野狗与浪人不需要墓志铭”「混沌武士」「Samurai Champloo」Part6,ONEM0RE原野,动漫剪辑,1117818,219,1389,68310,43917,6909,137592,174,1743087989,https://www.bilibili.com/video/BV1QbZVYCEVB
douga,87,BV1VnZnYAE1w,同样都是猛兽族大招，两个版本谁表现的最好？,晴天Ultraman,动漫剪辑,479873,1942,1743,2856,1082,305,17425,331,1743413023,https://www.bilibili.com/video/BV1VnZnYAE1w
douga,88,BV14eZnYWEcX,⚡️ 波奇酱，太上头了！！⚡️,学姐圆,动漫剪辑,899085,211,850,13019,6119,1940,61797,18,1743415800,https://www.bilibili.com/video/BV14eZnYWEcX
douga,89,BV1SWZrYDEnk,比肩Arc-V！完爆Mujica！游戏王献给烂番届的又一封情书！你们才是挑战者！,无聊FO,动漫评论,874802,3480,3561,8545,6638,6379,23080,1928,1743343075,https://www.bilibili.com/video/BV1SWZrYDEnk
douga,90,BV1aeoRYtESC,瓦雷莎吐出来吐出来吐出来吐出来吐出来吐出来吐出来,鼎芸,同人动画,1433762,1221,1146,41670,17285,3606,115348,453,1743217200,https://www.bilibili.com/video/BV1aeoRYtESC
douga,91,BV1ANZeYDEtE,怎样让水果自己变成切好的样子？？,WildKoko木可,同人动画,1252405,402,888,44363,9404,4350,163214,35,1743293400,https://www.bilibili.com/video/BV1ANZeYDEtE
douga,92,BV1iJZpYrEu3,“遐蝶𝑪𝒓𝒚 𝑭𝒐𝒓 𝑴𝒆希望你能为我哭泣”,枫孑轩,动漫剪辑,419982,548,332,27595,3271,959,36499,118,1743422748,https://www.bilibili.com/video/BV1iJZpYrEu3
douga,93,BV1nBZzYYEVb,七神的老鼠舞,INANAMIch,同人动画,752611,337,165,83285,3287,444,41002,61,1743323687,https://www.bilibili.com/video/BV1nBZzYYEVb
douga,94,BV1BhZhYKERf,玩具店抓到一群小黄人，变身果酱工厂打工人，做果汁给奥特曼,爱玩具的大成,潮玩玩具,1870623,36,14,10268,338,90,2701,169,1743504547,https://www.bilibili.com/video/BV1BhZhYKERf
douga,95,BV1D4ZeYvEqM,【法厄同之歌】没有人能代替法厄同大人！！！！,苏帕帕瓦,翻唱,1470924,376,1904,38250,16177,6029,114777,82,1743307500,https://www.bilibili.com/video/BV1D4ZeYvEqM
music,1,BV17VZpY1ENA,给我们的组合起个名！,田一名sir,翻唱,17560720,125517,42584,202020,240810,116756,1529160,15,1743423401,https://www.bilibili.com/video/BV17VZpY1ENA
music,2,BV1zKZrYAEi8,20世纪美国乡村经典民谣《阳光彩虹小白马》,我太高兴了,鬼畜综合,5645679,7392,4402,86383,35566,29072,311398,60,1743346017,https://www.bilibili.com/video/BV1zKZrYAEi8
music,3,BV11eZ8Y5EVi,循环歌单|【八方来财】|“【来财の小曲】谁懂憋佬仔出来时的救赎感”,蛋某人音乐,电台·歌单,10039450,7650,756,346369,20409,2512,68731,3619,1743552000,https://www.bilibili.com/video/BV11eZ8Y5EVi
music,4,BV1DDZHYhE59,盘点男组合那些神级翻唱，你最喜欢哪个组合呢？,小王音乐盘点,乐评盘点,8588250,871,389,275464,8450,510,42430,324,1743427360,https://www.bilibili.com/video/BV1DDZHYhE59
music,5,BV1RdZEY8E8T,""" 阳 光 唢 呐 小 白 马 """,浑元Rysn,演奏,1636896,1326,2387,10164,14640,4124,109766,115,1743393600,https://www.bilibili.com/video/BV1RdZEY8E8T
music,6,BV1MXZJYpEuN,向佐VS药水哥！《剑灵2》双人对决mv《灵帧起手》上线,剑灵2,MV,909660,539,839,8619,6817,2158,35084,219,1743472800,https://www.bilibili.com/video/BV1MXZJYpEuN
music,7,BV1t1Z4YgEcM,【SMTR25】SMTR25 Introduction film_松河,SMTR25,MV,3562511,84398,91601,30312,45597,48647,83568,26,1743508860,https://www.bilibili.com/video/BV1t1Z4YgEcM
music,8,BV1KRZhYSE98,【AI蚊子】恋爱循环,阮念゜,AI音乐,950738,29181,10006,44517,5530,110036,163014,89,1743271475,https://www.bilibili.com/video/BV1KRZhYSE98
music,9,BV16gZpYmEqW,中国唢呐硬控甲亢哥20秒！没有人能逃得过一首《通天大道宽又阔》！,民乐也疯狂,演奏,1928185,848,1505,8483,1353,488,104355,48,1743422986,https://www.bilibili.com/video/BV16gZpYmEqW
music,10,BV15bZfY3E8B,他们朝我扔泥巴 我拿泥巴种荷花.,我爱吃派大星,鬼畜调教,5277988,25244,3656,128784,24408,39148,307682,46,1743553200,https://www.bilibili.com/video/BV15bZfY3E8B
music,11,BV1e6ZHYMEtS,tia tia 都需要你爱！#不得不爱,里湘纯子,翻唱,1604635,2380,5651,20822,9253,32266,149904,22,1743432001,https://www.bilibili.com/video/BV1e6ZHYMEtS
music,12,BV1vgZrY8Eoo,当我穿越回到小时候遇见小时候的自己时,康养彭于晏,动物综合·二创,4874514,13,66,96441,2231,92,24880,62,1743340992,https://www.bilibili.com/video/BV1vgZrY8Eoo
music,13,BV1S1oeYbEe1,我们俩吉他弹唱～,屁屁猪ne,翻唱,1302817,712,4326,25039,31346,6760,198177,67,1742974301,https://www.bilibili.com/video/BV1S1oeYbEe1
music,14,BV1eAZAYDEYC,今天遇到高手了......,钢琴波波,演奏,7849470,3491,1688,50463,2996,1668,137588,210,1743254049,https://www.bilibili.com/video/BV1eAZAYDEYC
music,15,BV1bdZxYCEXi,盘点2025上半年爆火的9首破亿神曲，很多人听过却不知道歌名!,是青橘啦,电台·歌单,3822115,797,144,372110,17346,536,64779,2080,1743484863,https://www.bilibili.com/video/BV1bdZxYCEXi
music,16,BV1FSZnYVE7P,将鬼畜动机编成曲 居然只需要这几步？,楷智吃饱了,鬼畜综合,1365168,221,631,13235,3814,879,99331,54,1743408861,https://www.bilibili.com/video/BV1FSZnYVE7P
music,17,BV1J6ZzYwEJU,声音是从电路板出来的 电路板叫STYLOSETTE 有音色跟效果 就是你链到香蕉上 或者黄瓜上 他也出来这种声 只要物体导电 他就会出声音 物体只是作为一个按键,那边那个g蛋,自制发明/设备,3513640,600,2296,44289,5292,29838,234273,15,1743323282,https://www.bilibili.com/video/BV1J6ZzYwEJU
music,18,BV1YQZxYjEBX,【愚人节直拍团建】以前的不容易，心酸，通过这首歌真的奔向星辰大海了！#黄霄雲 #星辰大海 #黄霄雲广州演唱会,王心凌桔梗花,音乐现场,1038995,211,1924,13276,3286,773,52175,56,1743484591,https://www.bilibili.com/video/BV1YQZxYjEBX
music,19,BV1oko9YAE9C,“胜利之舞”是啥？短短几天播放43亿，网友：太魔性！,Da圣音乐,乐评盘点,9237256,3045,1178,207976,7647,1398,80639,193,1743154200,https://www.bilibili.com/video/BV1oko9YAE9C
music,20,BV12uZbYkEo5,一边打BBOX 一边吃纳豆,BBoxer酋长,演奏,1120275,2652,2190,10391,19536,12476,102892,176,1743500871,https://www.bilibili.com/video/BV12uZbYkEo5
music,21,BV1ptZAYeE31,周杰伦暗黑系风格歌曲，你都听过那几首,音乐分享君-,电台·歌单,1885995,21,31,225067,8850,102,53170,2366,1743250956,https://www.bilibili.com/video/BV1ptZAYeE31
music,22,BV17RZaYzEJx,"循环歌单 |【牵丝线】""你枯我不曾萎""",音符拾光阁,电台·歌单,453311,222,29,56257,2186,98,9457,2471,1743292800,https://www.bilibili.com/video/BV17RZaYzEJx
music,23,BV1mXZJYHE4u,Ruby让我爱上了JENNIE，首专即神专！万字乐评JENNIE新专Ruby，又来一枚KPOP年专预备役！,X1AOKA1God小凯,乐评盘点,3652932,7642,2880,37954,25007,2602,56414,2460,1743426000,https://www.bilibili.com/video/BV1mXZJYHE4u
music,24,BV1t8ZCYsECf,第二十九章：恶魔地球！,蓝色星尘2,同人动画,1050962,10,13,12362,293,82,1061,114,1743388354,https://www.bilibili.com/video/BV1t8ZCYsECf
music,25,BV1WvZzYvEHi,“百年一遇的模仿奇才”,符尓摩斯R7,音乐现场,1122173,649,455,26341,4358,1997,133814,180,1743325303,https://www.bilibili.com/video/BV1WvZzYvEHi
music,26,BV1ngZsYxECt,[emo神曲合集]“如果忧郁是种天赋”,挽风丶Sama,电台·歌单,4668124,398,69,298077,18474,332,58271,2033,1743441044,https://www.bilibili.com/video/BV1ngZsYxECt
music,27,BV1nKZnYkELV,一口气带你听完爆火全网的十二首人物进行曲，你更喜欢哪一首呢？,多巴胺音乐FM,乐评盘点,2319535,68,48,85192,1485,97,18308,253,1743416167,https://www.bilibili.com/video/BV1nKZnYkELV
music,28,BV1C3fcYhEb6,【邓紫棋的VLOG】I AM GLORIA世界巡玩 之 洛杉矶 & 拉斯维加斯篇,GEM鄧紫棋,乐评盘点,595191,5382,1554,15287,23006,3685,37742,1168,1743566400,https://www.bilibili.com/video/BV1C3fcYhEb6
music,29,BV1EuZnY6EP7,陶喆新專輯❗️這次是真的,陶喆的音乐产房,音乐综合,460273,610,1528,2427,5301,4178,17864,134,1743472800,https://www.bilibili.com/video/BV1EuZnY6EP7
music,30,BV1uxZnYfEgo,真 ·《在真实和荒诞之间起舞》官方MV,蒲熠星,MV,215813,1400,1343,11542,22304,1864,35874,191,1743480000,https://www.bilibili.com/video/BV1uxZnYfEgo
music,31,BV1S2ZkY9EA6,国外声乐老师对比 张国荣 梅艳芳 陈慧娴 周深 近藤真彦《千千阙歌/夕阳之歌》舞台 REACTION,JKAI杰凯,乐评盘点,826970,14657,3168,4441,13688,1884,22421,3515,1743480000,https://www.bilibili.com/video/BV1S2ZkY9EA6
music,32,BV1ihZJYiEAu,开播20年依旧无法超越！中国仙侠配乐天花板什么水平？｜仙剑奇侠传1｜麦振鸿｜胡歌,布陆,乐评盘点,1277608,8389,2314,12894,15750,2892,33383,1230,1743472432,https://www.bilibili.com/video/BV1ihZJYiEAu
music,33,BV1daXrY2EPt,求求你，别再刀了！B站陈奕迅《跳楼机》真.粤语版,不是词神,翻唱,15609930,5814,20426,381207,469970,199598,627135,206,1742560200,https://www.bilibili.com/video/BV1daXrY2EPt
music,34,BV1hLZzYEEi3,我感觉我在家里直接当起了海盗,赵赵violin,演奏,1199679,1148,1782,41550,4259,1931,131430,45,1743327397,https://www.bilibili.com/video/BV1hLZzYEEi3
music,35,BV1MmZ6YjEDT,【洛天依原创】我是初音未来,WOVOP,VOCALOID,3487980,1498,7789,117262,33986,40941,201095,136,1743465600,https://www.bilibili.com/video/BV1MmZ6YjEDT
music,36,BV12kZwYNE8V,我为苏瀑零下二十八度的冬天写了一首歌（已上线，名叫28below,Maggie_桃,原创音乐,1356131,240,2607,53372,18713,4006,225197,73,1743225937,https://www.bilibili.com/video/BV12kZwYNE8V
music,37,BV1f7ZPYFEPU,【单曲循环】“宿命感の小曲”《山海皆可平》,KG音乐,电台·歌单,934383,57,78,139945,3938,278,28842,2807,1743242370,https://www.bilibili.com/video/BV1f7ZPYFEPU
music,38,BV12sZzYGER9,八番站台 一命速通一镜到底,上官龍輝,其他游戏,1230529,191,285,23744,2406,173,34346,184,1743331193,https://www.bilibili.com/video/BV12sZzYGER9
music,39,BV1aYZ4YEEZs,超超超超级讨厌HANA的中文填词！【初音×重音】【雨良 Amala】,没有花香的HANA,VOCALOID,1131233,5955,1068,36695,8420,3040,68673,156,1743494400,https://www.bilibili.com/video/BV1aYZ4YEEZs
music,40,BV1H8ZvYpEdw,猜歌大会【第200弹】,方块识曲,音乐综合,594068,2617,2611,23733,11160,3736,91184,377,1743300672,https://www.bilibili.com/video/BV1H8ZvYpEdw
music,41,BV1VuZ5YjECu,谁懂啊！？唱着唱着本人出现了！！,Jiaber吴伯滔,翻唱,3704750,2427,1146,52598,69702,8601,283330,158,1743134400,https://www.bilibili.com/video/BV1VuZ5YjECu
music,42,BV1SafKYHE5m,音乐创作中的版权边界与艺术使命——从某艺人对华晨宇《烟火里的尘埃》改编的侵权争议看创作伦理,华晨宇火星环游日志,乐评盘点,99523,1209,2126,4818,13333,2469,12105,1509,1743592930,https://www.bilibili.com/video/BV1SafKYHE5m
music,43,BV1WJZYYHEgg,【脑科学】🐶兔毛手袋の小电台｜Feeding & Satiety｜人声cv：Zacky,Zacky_Y,科学科普,173567,0,0,21905,2815,1667,64068,271,1743260215,https://www.bilibili.com/video/BV1WJZYYHEgg
music,44,BV1nvXLYSEVC,沉浸式假装一对男女在唱“我们好像在哪见过”,沙拉拉发,翻唱,1185152,394,975,11529,10974,2579,104922,45,1742301336,https://www.bilibili.com/video/BV1nvXLYSEVC
music,45,BV1YnoqYVEPF,【王心凌4K】挑战全网王心凌最丝滑变装！霸总们又整活了～那就再看亿遍吧！,王心凌FM,音乐现场,4852136,350,1336,25105,11436,5625,372736,25,1742988600,https://www.bilibili.com/video/BV1YnoqYVEPF
music,46,BV1PMZPYTE6u,循环歌单|震惊！哪吒和敖丙合唱了！《我乃哪吒三太子》瀚墨&吕艳婷&王朝1982,经典果冻音乐,电台·歌单,829144,21,6,6535,273,85,1755,3779,1743248716,https://www.bilibili.com/video/BV1PMZPYTE6u
music,47,BV1hCZJYtEFq,一口气带你听完李启萌那些神级翻唱，你都过哪几首呢？#李启萌#神级翻唱#句号#放个大招给你看#123我爱你,绮梦音乐馆Qm,翻唱,832149,229,208,37003,529,117,14896,556,1743415451,https://www.bilibili.com/video/BV1hCZJYtEFq
music,48,BV1zUZFYpE9Z,愿戴荣光坠入天渊｜《鸣潮》卡提希娅主题曲,JLRS-jayfm,原创音乐,2927273,3034,6414,66137,48900,12880,90981,229,1743215224,https://www.bilibili.com/video/BV1zUZFYpE9Z
music,49,BV1PpQ8YFEMP,一首《GGbond》人群炸开花,魔人周干,演奏,1243503,99,803,2087,340,366,73339,24,1742122750,https://www.bilibili.com/video/BV1PpQ8YFEMP
music,50,BV1FAfPYeE4P,“初见她，漫步溪桥下”《相思遥》绝美戏腔翻唱！,咻咻满,翻唱,1179825,854,1048,16374,20626,2288,36154,170,1743584801,https://www.bilibili.com/video/BV1FAfPYeE4P
music,51,BV1uyZ6YEErN,SMTR25 Official Trailer Film,SMTOWN,MV,482400,24932,10568,5746,5348,3589,24089,124,1743351150,https://www.bilibili.com/video/BV1uyZ6YEErN
music,52,BV1c5KWeVEsA,【鼓手养成计划】唐汉霄《就是哪吒》架子鼓演奏,鼓手Shawn,演奏,1501926,5,15,117838,9768,97,12988,237,1739454465,https://www.bilibili.com/video/BV1c5KWeVEsA
music,53,BV1h5ZAYVE8q,循环歌单|“严肃猫の小曲”|《WAKE UP! (Sped Up)-MoonDeity》|动态歌词,心刚音乐库,电台·歌单,449926,336,127,35075,1370,213,7990,2485,1743321600,https://www.bilibili.com/video/BV1h5ZAYVE8q
music,54,BV1hdZxYCEfg,千万不要低估情歌王子的含金量,盘点音乐2023,乐评盘点,1516223,24,30,90097,4524,99,27262,108,1743484582,https://www.bilibili.com/video/BV1hdZxYCEfg
music,55,BV1b2ZJYxEFG,《鸣潮》OST幕后特别影像——「辉煌圣堂的垂怜」,鸣潮先行公约,MV,190525,139,930,2253,3259,582,17835,169,1743415277,https://www.bilibili.com/video/BV1b2ZJYxEFG
music,56,BV15CZcY1Ef1,“我在5:20睡觉13:14准时起”《5:20AM》,byd小绫,AI音乐,2442065,485,1238,173304,11841,2302,79817,143,1743234855,https://www.bilibili.com/video/BV15CZcY1Ef1
music,57,BV1HjZ4YFEaX,神呐 神呐，救救我吧QAQ！《弄舌》,洛少爷,翻唱,1470852,1351,1530,68347,11016,1361,62711,198,1743480453,https://www.bilibili.com/video/BV1HjZ4YFEaX
music,58,BV1VPRAYgEPC,临表涕零，不知所言,贾队长1,随拍·综合,2350651,824,4278,99945,83826,12308,520366,109,1741232233,https://www.bilibili.com/video/BV1VPRAYgEPC
music,59,BV1dYZkYYERA,《Normal No More(小提琴）》循环版|“很多时候不单单是在听曲子，而是在听回忆”|,绪笔梦生花,电台·歌单,634148,371,145,82697,4247,808,38122,2442,1743379346,https://www.bilibili.com/video/BV1dYZkYYERA
music,60,BV1P2ZiYhErW,“却像个智障一样，醉倒在柏油路上”-草东没有派对《老张》翻唱+电吉他cover,雾月夜子子QWQ,翻唱,172791,213,650,11589,1882,1393,30175,231,1743319564,https://www.bilibili.com/video/BV1P2ZiYhErW
music,61,BV13cXnYEEdD,春天就要唱《宣告春天》啊！,Maggie_麦吉,翻唱,1098168,284,1871,102638,30889,6235,405870,18,1742618595,https://www.bilibili.com/video/BV13cXnYEEdD
music,62,BV1fuZ3YUEm3,虽然你不认识我，但可能听过我写的歌……,KBShinya,原创音乐,2424141,23087,7126,77918,29144,3498,234940,338,1743074515,https://www.bilibili.com/video/BV1fuZ3YUEm3
music,63,BV1v8Z6YZEpZ,【不可能错过你】王力宏「最好的地方」演唱会4K官摄,王力宏,音乐现场,454460,1961,1644,5228,11545,3716,18566,389,1743393600,https://www.bilibili.com/video/BV1v8Z6YZEpZ
music,64,BV1BMovYCE7d,【黄霄雲2025宇宙无敌号巡演】——《不潮不用花钱》舞台直拍！和我一起左左右右扭扭～,黄霄雲,音乐现场,2944212,3051,3983,36676,17994,4750,215095,182,1742967752,https://www.bilibili.com/video/BV1BMovYCE7d
music,65,BV1cnZJY5E6U,🐧他们朝我扔粑粑🐧,单推人六花,动漫剪辑,796306,335,1747,13386,1617,18862,41169,33,1743418562,https://www.bilibili.com/video/BV1cnZJY5E6U
music,66,BV1xxZzYrErh,请赏牛黄(*≧ω≦)【药屋少女的呢喃】,开心蛙蛙_,翻唱,551065,140,426,20187,5039,1049,109035,14,1743329883,https://www.bilibili.com/video/BV1xxZzYrErh
music,67,BV1baZpYYEuT,单曲循环|【心要让你看见DJ】|《大手子の小曲》《和平精英の小曲》《使命召唤大手子の小曲》,Breeze微分,电台·歌单,1609975,134,171,95659,2450,310,22020,3555,1743424926,https://www.bilibili.com/video/BV1baZpYYEuT
music,68,BV1K4ZjYkERG,你说这《燕云十六州》，什么时候能回来啊？,小少焱,原创音乐,1988285,11138,3104,47004,52975,7381,108764,373,1743141600,https://www.bilibili.com/video/BV1K4ZjYkERG
music,69,BV1mVZHYdECn,点击观看您的愚人节专属视频,Rickrocknroll,音乐综合,148016,10565,1215,2935,802,3133,30402,30,1743437752,https://www.bilibili.com/video/BV1mVZHYdECn
music,70,BV1odFveHEKY,【古风歌曲合集】第七期 盘点九首好听的戏腔古风歌曲,果粒橙音乐,MV,2055390,10,21,186713,4799,107,17479,2001,1738449000,https://www.bilibili.com/video/BV1odFveHEKY
music,71,BV1khZqY8EM6,高中生翻唱｜《火力全开》拼好歌系列,一只小璇崽,翻唱,1448288,17,32,23218,480,111,6605,77,1743319547,https://www.bilibili.com/video/BV1khZqY8EM6
music,72,BV1XCoiYBEwm,神人翻唱《哆啦Ave睦》,明前奶粉罐,翻唱,2576759,481,6068,70370,36216,39573,226162,26,1742983213,https://www.bilibili.com/video/BV1XCoiYBEwm
music,73,BV113Z7YrEj8,【二游/填词翻唱】⚡用42款二游，合奏一曲《群青》⚡,龙虾ゞ,翻唱,1859518,26307,4463,143713,57696,7694,136108,244,1743127200,https://www.bilibili.com/video/BV113Z7YrEj8
music,74,BV1q4FTeBEMj,【无损音质】周杰伦歌曲精选100首 歌词版纯享 地表最高音质 每一首都是顶级文案 中国流行音乐开拓者JAY,无损音乐合集,电台·歌单,56065540,25692,5534,176084,84635,16205,121774,25142,1738326240,https://www.bilibili.com/video/BV1q4FTeBEMj
music,75,BV1gUZYYaEEP,别给我小马唱死了😭👊🏻 《英雄》,肇岁初十,AI音乐,899693,3276,928,13465,5421,2856,49751,70,1743328800,https://www.bilibili.com/video/BV1gUZYYaEEP
music,76,BV1EWX8YWEs6,【翻唱】溯reverse||地下室空灵沉浸版,洋芋坨坨公主,翻唱,1598773,11531,2178,137654,49192,7942,286339,97,1742695500,https://www.bilibili.com/video/BV1EWX8YWEs6
music,77,BV1ryZ3YRESy,8090后当年就是吃了多少细糠，才看不上现在的新歌,八零九零音乐,乐评盘点,1882350,14892,3480,36047,14180,6340,38284,1792,1743072755,https://www.bilibili.com/video/BV1ryZ3YRESy
music,78,BV1MwZBYuEpp,“我真的爱你，句句不轻易。”我是否是你的《唯一》？,真栗,翻唱,999529,714,896,14816,13374,2025,41849,252,1743307013,https://www.bilibili.com/video/BV1MwZBYuEpp
music,79,BV1V9X6YCEbh,【emo歌曲合集】“前奏一响，遗憾登场”,南风未满,电台·歌单,13190585,19282,5150,731493,52755,5893,201733,2370,1742545705,https://www.bilibili.com/video/BV1V9X6YCEbh
music,80,BV1J2ZuY1EKd,你可能不认识我，但你应该听过我的歌？来认识一下不？,陈亦洺,原创音乐,1931604,11814,4108,118909,33418,4558,259562,211,1743060738,https://www.bilibili.com/video/BV1J2ZuY1EKd
music,81,BV1NDoRY2EH3,如何仅30s学会三首歌曲？！（其实是整活啦！）,七十六喵,翻唱,1277361,468,492,97943,5323,1708,212033,52,1743167472,https://www.bilibili.com/video/BV1NDoRY2EH3
music,82,BV1S6ZPY5E7f,"90%的人在电视里听过的BGM,今天终于知道歌名了丨HOPICO",HOPICO,电台·歌单,1954797,7977,2279,37012,42559,4840,79001,900,1743154200,https://www.bilibili.com/video/BV1S6ZPY5E7f
music,83,BV17qZvYmESq,【高端局音乐】“九首顶级emo神曲，你不哭算我输”,小朱忆音,电台·歌单,1058121,63,31,115881,2401,168,13398,2285,1743299592,https://www.bilibili.com/video/BV17qZvYmESq
music,84,BV1XyZWYVEZB,【NCT DREAM】00z的老小是谁?🤔 | DREAM x DREAM,NCTDREAM,娱乐综艺正片,322871,4641,784,5430,4051,1163,12326,2064,1743512400,https://www.bilibili.com/video/BV1XyZWYVEZB
music,85,BV1d5ZFY1Ef4,“自律的痛苦轻如鸿毛，后悔的痛苦重于泰山” |《One Last Time》,Yuki_可依,电台·歌单,684806,1746,381,39349,3887,1019,28948,156,1743228000,https://www.bilibili.com/video/BV1d5ZFY1Ef4
music,86,BV1A7oiY4Eti,救命！演出图拍成这样怎么办！？,SHENPPER,音乐现场,611582,52,742,20345,2451,3395,83429,34,1742987734,https://www.bilibili.com/video/BV1A7oiY4Eti
music,87,BV1ixQgY4EmM,英雄主义【完整版】,在虚无中永存,原创音乐,11441437,32849,15109,574132,216179,40713,607117,128,1741914940,https://www.bilibili.com/video/BV1ixQgY4EmM
music,88,BV1hoZtYDExh,《八方来财》火爆国外？老外越听越上头，中国留学生一开口外教懵了,下饭音乐,乐评盘点,261830,47,9,2925,86,81,1708,198,1743497178,https://www.bilibili.com/video/BV1hoZtYDExh
music,89,BV1YhZ4YSEEc,"《How Long, How Low》预告片段",Hayd_CN,电台·歌单,1094394,47124,18261,170116,35897,6389,414879,19,1743482991,https://www.bilibili.com/video/BV1YhZ4YSEEc
music,90,BV1GSZvYzEkz,你真的懂唯一的定义 结尾有惊喜,火火带你去流浪,翻唱,749389,107,575,25072,12060,3106,137556,36,1743301292,https://www.bilibili.com/video/BV1GSZvYzEkz
music,91,BV1ffZ4Y8EY5,听说“冷门歌手”来B站了？！,大家的音乐机,乐评盘点,313827,367,434,1125,868,522,6432,191,1743480000,https://www.bilibili.com/video/BV1ffZ4Y8EY5
music,92,BV1Nyo8YyEwG,【PLAYLIST】经典韩语歌单｜古早抒情｜胶片显影｜同时播放的抒情诗与饶舌信｜“如果思念有声音”,SnowList_,电台·歌单,686048,437,523,61813,6022,1706,59275,2313,1742917736,https://www.bilibili.com/video/BV1Nyo8YyEwG
music,93,BV1dQZEYAEjN,“李羲承进行曲”是啥？短短几天播放90亿，太魔性了！,咖啡影音,乐评盘点,209126,36,59,7622,147,67,2332,273,1743395822,https://www.bilibili.com/video/BV1dQZEYAEjN
music,94,BV1PrZpY4EN3,通天大道,盆克吉他手AA,演奏,1046991,1241,3180,14703,9381,23050,142419,38,1743472800,https://www.bilibili.com/video/BV1PrZpY4EN3
music,95,BV1VNQrYGELx,【Playlist】英文歌单 | 爱是缠绵的诗篇 半是呢喃 半是叹息🎶💞| 暧昧/放松/恋爱/忧伤/旋律,明天见Night,电台·歌单,398683,84,155,67102,5306,913,46402,2437,1741950204,https://www.bilibili.com/video/BV1VNQrYGELx
music,96,BV1rDZiYoE5Z,【全场直拍】2025 G-DRAGON权志龙高阳演唱会 4K直拍 DAY 1 | Übermensch 250329,K-PLANET,音乐现场,275364,2694,814,12618,9606,1880,12648,8038,1743324977,https://www.bilibili.com/video/BV1rDZiYoE5Z
music,97,BV1HDZVYbEtD,《全 世 界 都 在 数 星 星》,瑞典厨师,VOCALOID,1524821,4553,562,77009,17742,2582,62590,198,1743156000,https://www.bilibili.com/video/BV1HDZVYbEtD
knowledge,1,BV1soZJYUEKd,前8天：穿越罗布泊无人区  第9天：主角突然换人,央视新闻,社会资讯,5140257,21327,12308,33579,17520,27526,705991,45,1743422419,https://www.bilibili.com/video/BV1soZJYUEKd
knowledge,2,BV1BtZJYBE4G,震撼世界的72天：巴黎公社为何爆发？又为何失败？【历史调研室71】,历史调研室,人文历史,3476395,25534,3258,89348,107341,13454,161810,3081,1743419058,https://www.bilibili.com/video/BV1BtZJYBE4G
knowledge,3,BV1uioXYEE9F,我被电视剧片头曲“模仿”了却无能为力,孙熙然,社会观察,7024381,16541,14862,173736,368292,12543,545290,406,1743153249,https://www.bilibili.com/video/BV1uioXYEE9F
knowledge,4,BV1w6ZEYrEsb,"为什么中国人对一道菜的最高评价是""下饭""?",赛博食录,美食综合,3672706,8745,7621,26345,13847,4070,111391,793,1743397103,https://www.bilibili.com/video/BV1w6ZEYrEsb
knowledge,5,BV1twZ4YzEmv,深度|| 香火之战，车迟国的教皇实验,渤海小吏,人文历史,2497921,11291,3086,15669,56994,2156,74989,2619,1743562800,https://www.bilibili.com/video/BV1twZ4YzEmv
knowledge,6,BV1wFZ8YBEt4,为什么人类需要不断吃盐，而动物们却不用？,行者道荣,科学科普,11593819,3141,2395,44293,4223,1115,110479,198,1743501600,https://www.bilibili.com/video/BV1wFZ8YBEt4
knowledge,7,BV1EPZEYKEvW,垃圾场上的妙妙屋【日本世博会】,队友去质器,社会观察,4529769,3607,1850,43386,3560,6311,74368,354,1743403741,https://www.bilibili.com/video/BV1EPZEYKEvW
knowledge,8,BV17TZEYPEug,快递怎么寄能更便宜？#涨知识 #生活小妙招 #寄快递省钱的技巧,曹老撕测评,生活技能,1873427,869,2055,167648,6598,4297,166014,31,1743398058,https://www.bilibili.com/video/BV17TZEYPEug
knowledge,9,BV19oZ8YbEPy,现场实验：黄河边硬地变淤泥，看起来安全却暗藏凶险，千万要警惕！,人民日报,综合资讯,7300799,1323,4079,9558,2553,3299,236199,23,1743508946,https://www.bilibili.com/video/BV19oZ8YbEPy
knowledge,10,BV1WVfcYFEiX,【罗翔】张三侮辱骨灰到底犯不犯法？法律人为何这么“抠字眼”？,罗翔说刑法,社会观察,1458654,30341,549,9848,8908,1796,165483,361,1743562800,https://www.bilibili.com/video/BV1WVfcYFEiX
knowledge,11,BV1YqZJYaE7L,现场再抽200万美元！马斯克摇摆州大撒币民主党如何对敌？,波士顿圆脸,海外资讯,892375,3146,1373,2905,3744,547,52069,702,1743419905,https://www.bilibili.com/video/BV1YqZJYaE7L
knowledge,12,BV1cyZnY2Ehg,乱象丛生？日本老龄消防队能有多奇葩？,世界见闻录,社会观察,1672494,4826,2401,7738,6652,1345,61355,894,1743411616,https://www.bilibili.com/video/BV1cyZnY2Ehg
knowledge,13,BV1Y9fwYDEyJ,“甲亢哥”成都行全程“OMG”【不完整合集】,新华社,综合资讯,1735812,980,948,17719,3120,4437,198819,118,1743564430,https://www.bilibili.com/video/BV1Y9fwYDEyJ
knowledge,14,BV1GXZAY7EWe,「解三角形」常考题型！基础到进阶！,一数,应试教育,3369136,14719,3098,117845,33819,12927,243334,5051,1743246293,https://www.bilibili.com/video/BV1GXZAY7EWe
knowledge,15,BV1ThZnYxEZi,被架空的皇帝能一刀捅死权臣吗,许右史,人文历史,1379864,1890,3677,8731,1958,806,72088,222,1743420600,https://www.bilibili.com/video/BV1ThZnYxEZi
knowledge,16,BV1P1ZiYwEBC,雷军旁边的员工火了，高情商得到雷总赞赏,懂一點人情世故,职场发展,2566103,416,1006,10563,1505,886,96190,213,1743330300,https://www.bilibili.com/video/BV1P1ZiYwEBC
knowledge,17,BV1Pho9YrEre,美国刹不住的贸易逆差，根本原因是什么?,小Lin说,商业财经,7689073,9228,8891,94262,102623,26786,370635,1047,1743154200,https://www.bilibili.com/video/BV1Pho9YrEre
knowledge,18,BV1tDZJYXEJH,【十大产业】中国石化产业：最深的道路，最后的顽石（下）,温竣岩,科学科普,638686,2074,1327,14729,29875,2256,35446,3255,1743413996,https://www.bilibili.com/video/BV1tDZJYXEJH
knowledge,19,BV1e9Z8YhEz3,马斯克突然辞职，但凡当初看点中国历史，也不至于被犹太人算计而不自知,财才说,时政解读,1894101,2337,1998,6987,1081,1435,27153,248,1743514762,https://www.bilibili.com/video/BV1e9Z8YhEz3
knowledge,20,BV1YGZqYkEc6,美国每周向巴拿马投放活苍蝇,多奇探秘,科学科普,3161083,1576,846,20176,2654,861,110544,535,1743315488,https://www.bilibili.com/video/BV1YGZqYkEc6
knowledge,21,BV1gCZbYJEvf,在赤壁狂吟《念奴娇·赤壁怀古》，苏轼坑死我了！！,有山先生,人文历史,1280595,4273,1525,13055,64837,2285,69077,632,1743498000,https://www.bilibili.com/video/BV1gCZbYJEvf
knowledge,22,BV1QJodYdEWV,如何在人质营救行动中、用“拐弯枪”来扭转不利战局？,白菜和杜比,同人动画,6743437,553,258,154439,5992,142,43642,164,1743213900,https://www.bilibili.com/video/BV1QJodYdEWV
knowledge,23,BV1xgZhYSESr,国际人道救援人员加沙遭袭身亡,联合国,海外资讯,1004881,25879,1107,17540,23117,6179,207795,129,1743511200,https://www.bilibili.com/video/BV1xgZhYSESr
knowledge,24,BV1q3ZnYuE2C,老大南团队挑战用古老的翻砂工艺制作我的世界钻石剑,老大南,其他手工,4720454,1613,865,34468,4915,951,38380,515,1743412609,https://www.bilibili.com/video/BV1q3ZnYuE2C
knowledge,25,BV12sZqYeEvD,铁甲小宝当年没发现的细节，暴走轮子嫌疑犯,燚病毒,特摄,1883748,241,1184,4862,197,434,14511,266,1743324859,https://www.bilibili.com/video/BV12sZqYeEvD
knowledge,26,BV1W5fAYTEXS,除了朝阳群众，北京朝阳还有什么？,星球研究所,科学科普,904178,1168,1434,9382,8068,3533,35379,725,1743560290,https://www.bilibili.com/video/BV1W5fAYTEXS
knowledge,27,BV1GWZnYcEYX,他们，是唐朝最大的遗憾！,海棠家的大肥鱼,人文历史,1237606,1460,1032,18840,8479,1725,39210,740,1743480000,https://www.bilibili.com/video/BV1GWZnYcEYX
knowledge,28,BV1jsZ4Y9Exi,液压机挤压纸张，纸张为什么会爆裂？ #科普 #解压 #液压机 #压力 #冷知识,好奇万花筒,科学科普,5585644,292,786,6400,1204,440,106147,51,1743494700,https://www.bilibili.com/video/BV1jsZ4Y9Exi
knowledge,29,BV1bPZhY9EUE,马斯克辞职！斯克变法，最终还是变成了百日维新！,淘沙博士,时政解读,753484,881,1850,1082,386,1369,15718,206,1743507644,https://www.bilibili.com/video/BV1bPZhY9EUE
knowledge,30,BV1x9ZJYDEot,拳打文在寅，脚踩尹锡悦，热血老头李在明的晋升之路,卢克文工作室,海外资讯,945910,649,530,2711,2922,453,22529,965,1743414048,https://www.bilibili.com/video/BV1x9ZJYDEot
knowledge,31,BV16dZiYWEms,【JUMP】新《白雪公主》还是不够大胆,暴躁的仙人JUMP,影视解读,706687,1179,851,5557,2397,1389,45947,268,1743498000,https://www.bilibili.com/video/BV16dZiYWEms
knowledge,32,BV1AoZbY6EmW,有意思的桥墩，简单的设计就是最好的设计！,燎结构,设计艺术,1111199,675,1315,4322,1275,439,46439,153,1743490124,https://www.bilibili.com/video/BV1AoZbY6EmW
knowledge,33,BV1VpZpYzEGE,白酒暴跌67%！啤酒式微， 强爽8度如何撬动80亿市场？,财经不眠姐,商业财经,1128607,1740,2205,2661,1137,2299,20053,493,1743426487,https://www.bilibili.com/video/BV1VpZpYzEGE
knowledge,34,BV1YCZHYKERg,巴铁真不把咱当外人——探店巴基斯坦常驻联合国代表团,小Q不是导盲犬,时政解读,621562,1238,763,3062,3946,332,30724,934,1743501600,https://www.bilibili.com/video/BV1YCZHYKERg
knowledge,35,BV1qNZEYvE9p,智慧即美德，愚蠢即罪恶,醒醒吧张律-,剧情演绎,1354843,257,651,8741,642,421,88462,55,1743398203,https://www.bilibili.com/video/BV1qNZEYvE9p
knowledge,36,BV1eMZqYLEG8,甲亢哥保镖来中国没想到这么轻松 工作变度假了,网上邻居丨,娱乐评论,3488792,168,1449,8722,935,810,156041,60,1743316885,https://www.bilibili.com/video/BV1eMZqYLEG8
knowledge,37,BV1kXZBYPEZb,白莲教为何能打断大清盛世？【近代的前夜】,御史房,人文历史,1465469,6997,3328,21489,11643,1545,48926,1523,1743332473,https://www.bilibili.com/video/BV1kXZBYPEZb
knowledge,38,BV1ZXZnYgEX8,甲亢哥中国行 公知又被打脸,树根龙门阵,中外生活vlog,664853,900,1266,3020,825,406,30818,285,1743415200,https://www.bilibili.com/video/BV1ZXZnYgEX8
knowledge,39,BV1HVoXYPEcP,中国现在，非常缺蛙！【地球知识局】,地球知识局,野生动物·动物解说科普,1310000,3938,2301,7770,2970,2995,42979,492,1743418800,https://www.bilibili.com/video/BV1HVoXYPEcP
knowledge,40,BV1EsfcYQEuJ,老君的烦恼：世界变成这样，到底是谁的错？,啊粥粥啊粥,影视解读,1828548,4252,1783,15601,14956,1863,51788,1642,1743582600,https://www.bilibili.com/video/BV1EsfcYQEuJ
knowledge,41,BV1DuQtYwEG3,细思极恐！画的是繁华盛世，实际却是亡国预言！,小透明明TM,人文历史,6395764,9059,4741,268870,96225,10112,194991,910,1743154200,https://www.bilibili.com/video/BV1DuQtYwEG3
knowledge,42,BV1jLZnYiEx2,警察都气炸了！男子撞死老人逃逸，被抓后称自己赶去卖瓜不叫逃跑,央视网快看,社会资讯,832848,2472,3436,2083,393,888,14091,1015,1743409580,https://www.bilibili.com/video/BV1jLZnYiEx2
knowledge,43,BV1eXo9YxEEC,秦汉纹样（中国纹样发展史-第7集）,珑师傅_,传统手工艺,3022658,1689,1280,43476,7201,4908,244998,232,1743172436,https://www.bilibili.com/video/BV1eXo9YxEEC
knowledge,44,BV1MsZEYQEJ3,袭警和袭军哪个更严重？,马生序00,其他知识杂谈,1885528,108,243,5741,303,225,46503,71,1743399161,https://www.bilibili.com/video/BV1MsZEYQEJ3
knowledge,45,BV1YyZHYvEVq,36年抓不住他，印度头号通缉犯，印度史上最大规模最漫长追捕,奇闻观察室,社会观察,1136819,5212,989,6171,4953,674,31599,1514,1743474600,https://www.bilibili.com/video/BV1YyZHYvEVq
knowledge,46,BV1MhZnYxEj7,《不同学历的机械学生面积毕业时》,明丫杠,剧情演绎,1011802,76,432,1281,406,291,48411,94,1743411995,https://www.bilibili.com/video/BV1MhZnYxEj7
knowledge,47,BV1UHZqYiEgU,不懈努力迎来转机，MH370重启搜寻,诗食史事,人文历史,838773,332,223,22673,2107,290,6197,1224,1743339600,https://www.bilibili.com/video/BV1UHZqYiEgU
knowledge,48,BV1v9Z8YhEPw,小米SU7起火如何追责？司机不排除主要责任，产品质量需鉴定,老梁不郁闷,社会观察,532604,3059,11770,1475,956,1257,11449,477,1743514574,https://www.bilibili.com/video/BV1v9Z8YhEPw
knowledge,49,BV1bsZzYGEFX,现代复合弓的工作原理与使用方法,鹰眼科普,体育综合,3400899,422,717,18810,1400,436,15707,338,1743331480,https://www.bilibili.com/video/BV1bsZzYGEFX
knowledge,50,BV1RFoSYLETz,激荡四十年番外篇（上）：一个90后的千禧之梦,猛士团_,人文历史,1270268,9845,2972,34541,41926,6415,49174,2338,1743246000,https://www.bilibili.com/video/BV1RFoSYLETz
knowledge,51,BV19VZrYtEf7,又遥遥领先了！胖东来“恶性”涨薪上热搜？,败家财经,商业财经,573009,1741,4021,3737,1405,2427,52702,165,1743341529,https://www.bilibili.com/video/BV19VZrYtEf7
knowledge,52,BV1z9ZwYoEb8,指甲的秘密，指甲上的月牙、竖纹都代表着什么？,硬核科普-,健康科普,5376962,476,3018,26433,2111,6667,115530,62,1743250200,https://www.bilibili.com/video/BV1z9ZwYoEb8
knowledge,53,BV1hQoQYEEr7,B站的朋友们，大家好！我是易中天,易中天,人文历史,5084938,9473,3865,41407,87387,10544,419378,143,1743134400,https://www.bilibili.com/video/BV1hQoQYEEr7
knowledge,54,BV1zbZHY1ErH,冰鲜的南方人，你们比北方还冷,中气爱怎么说,科学科普,456013,614,2749,1199,264,2595,30754,98,1743430218,https://www.bilibili.com/video/BV1zbZHY1ErH
knowledge,55,BV1uGZGYiErT,恋爱中的心锚效应,王凌雁,恋爱关系,1162430,42,594,14289,449,731,53914,31,1743325200,https://www.bilibili.com/video/BV1uGZGYiErT
knowledge,56,BV1bZZxYGEwn,【中字】和正实部杂鱼酱接吻了？BA愚人节小游戏玩挺大…,里芙,单人RPG游戏,334935,138,735,10278,711,2510,14561,185,1743483331,https://www.bilibili.com/video/BV1bZZxYGEwn
knowledge,57,BV1MSoiYvEP9,如果太后怀孕了该怎么办？,穆金荣-穷历史,人文历史,2655943,5748,3474,8910,1044,1184,41970,516,1743584400,https://www.bilibili.com/video/BV1MSoiYvEP9
knowledge,58,BV1N1oXYGE3i,用液压机压造出一枚硬币,疯狂实验室Hydraulic,自制发明/设备,1490602,961,869,3236,692,327,29028,495,1743328800,https://www.bilibili.com/video/BV1N1oXYGE3i
knowledge,59,BV182ZJYxEzm,大阪冈田里香事件 | X调查,X调查,社会观察,968031,6165,1213,3643,4417,1198,23421,1665,1743501600,https://www.bilibili.com/video/BV182ZJYxEzm
knowledge,60,BV11to9YkE1i,驾照竟然还有这么多隐藏用法！,大瑞真机灵,其他知识杂谈,1082981,34,106,41395,1493,187,11076,81,1743328800,https://www.bilibili.com/video/BV11to9YkE1i
knowledge,61,BV1uFZBY6EzZ,大气压强,瑾轩的物理小零食,科学科普,3370215,329,691,95607,5493,5331,128276,79,1743307179,https://www.bilibili.com/video/BV1uFZBY6EzZ
knowledge,62,BV17GZpYjEiR,用PS两步搞定塑料包装贴图,设计师小海,设计艺术,562052,145,510,38586,1918,901,66395,65,1743422620,https://www.bilibili.com/video/BV17GZpYjEiR
knowledge,63,BV1UrZBYrEWr,洋蓟原来这么吃？一颗蔬菜只吃最中心的部分,全球趣事儿,美食综合,1536938,242,1379,751,326,233,24993,45,1743338111,https://www.bilibili.com/video/BV1UrZBYrEWr
knowledge,64,BV1xDZJYXE9e,一口气看完善终的末代君主,说书者也,人文历史,668608,620,1226,4850,411,198,43115,198,1743413486,https://www.bilibili.com/video/BV1xDZJYXE9e
knowledge,65,BV1GHZnYaENC,广西版“流浪地球”计划启动！又一个逆天改命的超级工程！,工程人发哥,工程机械,801211,174,888,1547,216,284,32350,41,1743412414,https://www.bilibili.com/video/BV1GHZnYaENC
knowledge,66,BV1fAZzY4E26,广东餐馆老板的工匠精神,O加加加,剧情演绎,1203825,191,709,3124,444,274,77863,78,1743333543,https://www.bilibili.com/video/BV1fAZzY4E26
knowledge,67,BV1vDZtYREaB,缅甸为什么总这么乱？,肝帝董佳宁,海外资讯,511785,1067,574,1776,1263,328,20987,759,1743502762,https://www.bilibili.com/video/BV1vDZtYREaB
knowledge,68,BV14fZcYvEXp,逃离食人花！！黄花版~,BloomfadeWorks,同人动画,4717580,976,124,51810,1911,175,23617,282,1743249600,https://www.bilibili.com/video/BV14fZcYvEXp
knowledge,69,BV1SWZrYDEnf,小约翰可汗的梗都出自哪里？（第三弹）,秋坟鬼夜哭,人文历史,673291,1664,662,11094,18447,772,30304,1146,1743350134,https://www.bilibili.com/video/BV1SWZrYDEnf
knowledge,70,BV17wo9YhEw7,在日本，为啥地雷女都喜欢喝魔爪？,言趣教育妍一老师,其他知识杂谈,6015664,2673,3262,57428,3991,4306,47246,308,1743159600,https://www.bilibili.com/video/BV17wo9YhEw7
knowledge,71,BV1BQZCYgE2R,法国造孽、狠人救国、教员思想：被西方篡改的卢旺达大屠杀前后真相,江湖弃子,时政解读,802497,1184,572,6626,5055,832,25441,1010,1743383962,https://www.bilibili.com/video/BV1BQZCYgE2R
knowledge,72,BV1xjfNYCEza,台湾专家称解放军卫星盯着“赖清德上班和回家的路”,央视网,时政资讯,506289,61,725,897,222,394,33842,29,1743572591,https://www.bilibili.com/video/BV1xjfNYCEza
knowledge,73,BV1uyfAY2Eas,你不经意的瞬间，我心里早已激起一片涟漪,难晴雨yu,科学科普,1486085,380,1096,60283,3495,8060,213251,31,1743555172,https://www.bilibili.com/video/BV1uyfAY2Eas
knowledge,74,BV1J7oXYhE9N,总统装疯卖傻，老白女快乐屋，世界边缘小国绝望样本【西非12丨冈比亚】,小王Albert,人文历史,2832652,8564,2365,16360,33174,1847,109751,1762,1743210000,https://www.bilibili.com/video/BV1J7oXYhE9N
knowledge,75,BV15TZ5YmE7C,阿勃维尔能秀到啥程度？【神奇组织28】,小约翰可汗,人文历史,6629935,25990,7741,56115,156456,9480,279028,2166,1743130800,https://www.bilibili.com/video/BV15TZ5YmE7C
knowledge,76,BV1s3fAYuEo1,在敌人的桅杆上投弹！用跳弹轰炸打出的逆天战损比：俾斯麦海海战,克利咕咕兰,人文历史,769494,3840,1179,9447,9348,1053,39231,1594,1743566400,https://www.bilibili.com/video/BV1s3fAYuEo1
knowledge,77,BV1D7fFYqELr,【医学博士】社恐是“病”吗，社恐的人到底在害怕什么？｜情商低是自闭症吗？,兔叭咯,心理杂谈,1197881,2256,1197,10537,10020,2588,41483,296,1743586200,https://www.bilibili.com/video/BV1D7fFYqELr
knowledge,78,BV1bHZEY9Eoq,总觉得在女频里做皇帝比较快乐,黄东耶,剧情演绎,857413,183,1841,3369,287,309,58255,40,1743408000,https://www.bilibili.com/video/BV1bHZEY9Eoq
knowledge,79,BV1DnZtYLEHG,程序员把鸽子接入互联网，带宽爆表，标准还被官方盖章了？,量子位,科学科普,480217,1418,1251,5786,5044,1461,24623,580,1743474730,https://www.bilibili.com/video/BV1DnZtYLEHG
knowledge,80,BV1nsZhYgEbL,小米汽车高速爆燃？电芯倒置到底保不保命？智能汽车如何确保安全,秒懂硬核君,汽车技术,357175,303,3750,1971,156,321,3055,148,1743505447,https://www.bilibili.com/video/BV1nsZhYgEbL
knowledge,81,BV1vePfebEbY,一口气看完从夏朝到新中国成立中华4000多年的兴衰历史#中国历史 #上下五千年 #历史 #历史朝代,行者无疆_857,人文历史,426320,3,24,30444,2155,89,4799,2863,1738634004,https://www.bilibili.com/video/BV1vePfebEbY
knowledge,82,BV19tZPYpEPw,【数学之海】数学才是最克系的存在……,江城kaya,同人动画,996291,636,1432,94109,21666,7628,69542,185,1743244883,https://www.bilibili.com/video/BV19tZPYpEPw
knowledge,83,BV1BhooYMENZ,一位健美运动员在备赛时滥用了利尿剂，这是他的心脏发生的变化,Chubbyemu,健身科普,2018076,20953,2192,12227,7504,3379,69138,940,1743219000,https://www.bilibili.com/video/BV1BhooYMENZ
knowledge,84,BV1qyZtYfEK1,误差3秒=偏航400公里？为啥测量经度要把计时准度提升几百倍？【差评君】,差评君,科学科普,803047,1333,978,8615,6868,3794,26448,912,1743503459,https://www.bilibili.com/video/BV1qyZtYfEK1
knowledge,85,BV1sjfNYCEPX,台LNG船“因军演不敢进港” ，台网友炸锅,观察者网,时政资讯,507456,79,911,606,227,432,18456,19,1743572540,https://www.bilibili.com/video/BV1sjfNYCEPX
knowledge,86,BV1KYZEYjE4q,霸王茶姬，其实是一家伪装成奶茶店的“咖啡馆”,饭统戴老板,商业财经,846061,954,1705,4105,1796,1379,9027,801,1743411900,https://www.bilibili.com/video/BV1KYZEYjE4q
knowledge,87,BV1ihfAYxEAZ,古代长明灯原理揭秘，让你见证奇迹！,创作实验工坊,科学科普,1018179,24,320,171,134,76,5455,12,1743554177,https://www.bilibili.com/video/BV1ihfAYxEAZ
knowledge,88,BV1xSZ7Y1Es7,花1000块，问HR如何找工作？,耿同学讲故事,职场发展,404722,859,1177,11110,6065,1903,24953,880,1743415200,https://www.bilibili.com/video/BV1xSZ7Y1Es7
knowledge,89,BV1gCZbYJEMy,宇树发布 | Unitree Dex5 灵巧手 灵掌万物,Unitree宇树科技,科技数码综合,983835,606,2466,3047,1882,2900,40267,51,1743488545,https://www.bilibili.com/video/BV1gCZbYJEMy
knowledge,90,BV1tpZzYCEuJ,我去自首的路上被抓了还算自首吗？,183的冯予希律师,社会观察,894628,818,1229,1590,572,446,42226,115,1743331349,https://www.bilibili.com/video/BV1tpZzYCEuJ
knowledge,91,BV1XbZPYQE8g,黄埔课堂开课:《手搓写字机器人》,电工鸭师傅,自制发明/设备,1588067,155,138,83837,2219,274,29858,184,1743243773,https://www.bilibili.com/video/BV1XbZPYQE8g
knowledge,92,BV1fLZPYhEfS,校长安排残疾儿子在校工作，退休后儿子被扫地出门,泉城刘律,社会观察,1003268,185,1006,601,391,193,45271,77,1743243105,https://www.bilibili.com/video/BV1fLZPYhEfS
knowledge,93,BV1QFZhY4EY9,一群疯子的呼啸山庄，到底讲了啥-一口气看懂《呼啸山庄》,1379观察员,影视解读,2576297,4181,3440,68619,31477,9961,101016,1234,1743509480,https://www.bilibili.com/video/BV1QFZhY4EY9
knowledge,94,BV1L1ZvYGEMj,连个名分都不给！打了三年换来无法加入北约，泽连斯基算是被白嫖了,军武志,海外资讯,1098244,7713,3156,6812,12398,1053,40671,1956,1743303600,https://www.bilibili.com/video/BV1L1ZvYGEMj
knowledge,95,BV1tYZCYpEGa,胖东来基层员工平均月薪9886元,主持人阿喆,社会资讯,296322,771,2662,2383,1307,4101,36704,241,1743386839,https://www.bilibili.com/video/BV1tYZCYpEGa
knowledge,96,BV1vfZFY1EtE,什么是琉璃剪边？春日之挑战回答我！,古建筑斗拱学堂,人文历史,854792,8355,940,26056,30345,1681,272434,119,1743210392,https://www.bilibili.com/video/BV1vfZFY1EtE
